id,image_filename,image_path,cnic,ocr_status,confidence
1,0001.png,IdentityCards/0001.png,,failed,0.3314
2,0002.png,IdentityCards/0002.png,,failed,0.2827
3,0003.png,IdentityCards/0003.png,,failed,0
4,0004.png,IdentityCards/0004.png,,failed,0.2483
5,0005.png,IdentityCards/0005.png,,failed,0.4258
6,0006.png,IdentityCards/0006.png,42606-0000006-6,success,0.625
7,0007.png,IdentityCards/0007.png,42607-0000007-7,success,0.5262
8,0008.png,IdentityCards/0008.png,,failed,0
9,0009.png,IdentityCards/0009.png,,failed,0.3229
10,0010.png,IdentityCards/0010.png,42010-0000010-0,success,0.553
11,0011.png,IdentityCards/0011.png,,failed,0.3947
12,0012.png,IdentityCards/0012.png,,failed,0.3796
13,0013.png,IdentityCards/0013.png,,failed,0
14,0014.png,IdentityCards/0014.png,42014-0000014-4,success,0.6134
15,0015.png,IdentityCards/0015.png,42015-0000015-5,success,0.6412
16,0016.png,IdentityCards/0016.png,42016-0000016-6,success,0.8264
17,0017.png,IdentityCards/0017.png,42017-0000017-7,success,0.6699
18,0018.png,IdentityCards/0018.png,,failed,0.3588
19,0019.png,IdentityCards/0019.png,42019-0000019-9,success,0.8174
20,0020.png,IdentityCards/0020.png,,failed,0.2605
21,0021.png,IdentityCards/0021.png,,failed,0
22,0022.png,IdentityCards/0022.png,42022-0000022-2,success,0.5492
23,0023.png,IdentityCards/0023.png,,failed,0.4582
24,0024.png,IdentityCards/0024.png,42024-0000024-4,success,0.6629
25,0025.png,IdentityCards/0025.png,,failed,0.3012
26,0026.png,IdentityCards/0026.png,,failed,0
27,0027.png,IdentityCards/0027.png,,failed,0.4779
28,0028.png,IdentityCards/0028.png,42028-0000028-8,success,0.6339
29,0029.png,IdentityCards/0029.png,42029-0000029-9,success,0.5906
30,0030.png,IdentityCards/0030.png,42030-0000030-0,success,0.6513
31,0031.png,IdentityCards/0031.png,,failed,0.3312
32,0032.png,IdentityCards/0032.png,42032-0000032-2,success,0.7331
33,0033.png,IdentityCards/0033.png,42033-0000033-3,success,0.5811
34,0034.png,IdentityCards/0034.png,42034-0000034-4,success,0.5785
35,0035.png,IdentityCards/0035.png,,failed,0.4009
36,0036.png,IdentityCards/0036.png,42036-0000036-6,success,0.8195
37,0037.png,IdentityCards/0037.png,42037-0000037-7,success,0.763
38,0038.png,IdentityCards/0038.png,42038-0000838-8,success,0.5184
39,0039.png,IdentityCards/0039.png,42039-0000039-9,success,0.7945
40,0040.png,IdentityCards/0040.png,,failed,0.366
41,0041.png,IdentityCards/0041.png,,failed,0.2081
42,0042.png,IdentityCards/0042.png,42042-0000042-2,success,0.6971
43,0043.png,IdentityCards/0043.png,,failed,0.4321
44,0044.png,IdentityCards/0044.png,,failed,0.496
45,0045.png,IdentityCards/0045.png,42045-0000045-5,success,0.6836
46,0046.png,IdentityCards/0046.png,42046-0000046-6,success,0.8623
47,0047.png,IdentityCards/0047.png,,failed,0.4989
48,0048.png,IdentityCards/0048.png,42048-0000048-8,success,0.54
49,0049.png,IdentityCards/0049.png,42049-0000049-9,success,0.5695
50,0050.png,IdentityCards/0050.png,,failed,0.3169
51,0051.png,IdentityCards/0051.png,42051-0000051-1,success,0.8369
52,0052.png,IdentityCards/0052.png,42052-0000052-2,success,0.5379
53,0053.png,IdentityCards/0053.png,,failed,0.2606
54,0054.png,IdentityCards/0054.png,42054-0000054-4,success,0.7802
55,0055.png,IdentityCards/0055.png,42055-0000055-5,success,0.5781
56,0056.png,IdentityCards/0056.png,42056-0000056-6,success,0.715
57,0057.png,IdentityCards/0057.png,,failed,0.4273
58,0058.png,IdentityCards/0058.png,,failed,0
59,0059.png,IdentityCards/0059.png,42059-0000059-9,success,0.742
60,0060.png,IdentityCards/0060.png,,failed,0
61,0061.png,IdentityCards/0061.png,42081-0000061-1,success,0.776
62,0062.png,IdentityCards/0062.png,42062-0000062-2,success,0.8154
63,0063.png,IdentityCards/0063.png,,failed,0.4822
64,0064.png,IdentityCards/0064.png,42084-0000064-4,success,0.5556
65,0065.png,IdentityCards/0065.png,42085-0000065-5,success,0.6175
66,0066.png,IdentityCards/0066.png,42086-0000066-6,success,0.605
67,0067.png,IdentityCards/0067.png,42067-0000067-7,success,0.6753
68,0068.png,IdentityCards/0068.png,42088-0000068-8,success,0.5373
69,0069.png,IdentityCards/0069.png,,failed,0.448
70,0070.png,IdentityCards/0070.png,42070-0000070-0,success,0.7094
71,0071.png,IdentityCards/0071.png,42071-0000071-1,success,0.7663
72,0072.png,IdentityCards/0072.png,42072-0000072-2,success,0.6847
73,0073.png,IdentityCards/0073.png,,failed,0.4754
74,0074.png,IdentityCards/0074.png,42074-0000074-4,success,0.795
75,0075.png,IdentityCards/0075.png,,failed,0.3544
76,0076.png,IdentityCards/0076.png,42076-0000076-6,success,0.804
77,0077.png,IdentityCards/0077.png,42077-0000077-1,success,0.6459
78,0078.png,IdentityCards/0078.png,,failed,0.4545
79,0079.png,IdentityCards/0079.png,42079-0000079-9,success,0.6206
80,0080.png,IdentityCards/0080.png,,failed,0
81,0081.png,IdentityCards/0081.png,,failed,0
82,0082.png,IdentityCards/0082.png,42082-0000082-2,success,0.7101
83,0083.png,IdentityCards/0083.png,,failed,0
84,0084.png,IdentityCards/0084.png,,failed,0
85,0085.png,IdentityCards/0085.png,,failed,0
86,0086.png,IdentityCards/0086.png,42086-0000086-6,success,0.862
87,0087.png,IdentityCards/0087.png,42087-0000087-7,success,0.7238
88,0088.png,IdentityCards/0088.png,,failed,0
89,0089.png,IdentityCards/0089.png,,failed,0
90,0090.png,IdentityCards/0090.png,,failed,0
91,0091.png,IdentityCards/0091.png,42091-0000091-1,success,0.5977
92,0092.png,IdentityCards/0092.png,42082-0000092-2,success,0.5123
93,0093.png,IdentityCards/0093.png,42093-0000093-3,success,0.5926
94,0094.png,IdentityCards/0094.png,42094-0000094-4,success,0.6315
95,0095.png,IdentityCards/0095.png,,failed,0.425
96,0096.png,IdentityCards/0096.png,42096-0000096-6,success,0.8948
97,0097.png,IdentityCards/0097.png,42097-0000097-7,success,0.6344
98,0098.png,IdentityCards/0098.png,,failed,0.2804
99,0099.png,IdentityCards/0099.png,,failed,0.3032
100,0100.png,IdentityCards/0100.png,,failed,0.1242
101,0101.png,IdentityCards/0101.png,42601-0060101-1,success,0.5007
102,0102.png,IdentityCards/0102.png,,failed,0.4332
103,0103.png,IdentityCards/0103.png,,failed,0.492
104,0104.png,IdentityCards/0104.png,,failed,0
105,0105.png,IdentityCards/0105.png,,failed,0
106,0106.png,IdentityCards/0106.png,,failed,0.4577
107,0107.png,IdentityCards/0107.png,,failed,0.4455
108,0108.png,IdentityCards/0108.png,,failed,0
109,0109.png,IdentityCards/0109.png,42009-0000109-9,success,0.5979
110,0110.png,IdentityCards/0110.png,42010-0000110-0,success,0.5112
111,0111.png,IdentityCards/0111.png,,failed,0.368
112,0112.png,IdentityCards/0112.png,42012-0000112-2,success,0.6551
113,0113.png,IdentityCards/0113.png,,failed,0.3998
114,0114.png,IdentityCards/0114.png,42014-0000114-4,success,0.5388
115,0115.png,IdentityCards/0115.png,42015-0000115-5,success,0.6329
116,0116.png,IdentityCards/0116.png,42016-0000116-6,success,0.7212
117,0117.png,IdentityCards/0117.png,42017-0000117-7,success,0.707
118,0118.png,IdentityCards/0118.png,,failed,0.2934
119,0119.png,IdentityCards/0119.png,42019-0000119-9,success,0.5443
120,0120.png,IdentityCards/0120.png,42020-0000120-0,success,0.5066
121,0121.png,IdentityCards/0121.png,42021-0000121-1,success,0.5745
122,0122.png,IdentityCards/0122.png,42022-0000122-2,success,0.8378
123,0123.png,IdentityCards/0123.png,42023-0000123-3,success,0.5771
124,0124.png,IdentityCards/0124.png,42024-0000124-4,success,0.7437
125,0125.png,IdentityCards/0125.png,42025-0000125-5,success,0.5162
126,0126.png,IdentityCards/0126.png,42026-0000126-6,success,0.7622
127,0127.png,IdentityCards/0127.png,,failed,0.4764
128,0128.png,IdentityCards/0128.png,42028-0000128-8,success,0.6813
129,0129.png,IdentityCards/0129.png,42029-0000129-9,success,0.6673
130,0130.png,IdentityCards/0130.png,42030-0000130-0,success,0.6887
131,0131.png,IdentityCards/0131.png,42031-0000131-1,success,0.6314
132,0132.png,IdentityCards/0132.png,,failed,0.493
133,0133.png,IdentityCards/0133.png,42033-0000133-3,success,0.5083
134,0134.png,IdentityCards/0134.png,42034-0000134-4,success,0.6845
135,0135.png,IdentityCards/0135.png,42035-0000135-5,success,0.7547
136,0136.png,IdentityCards/0136.png,42036-0000136-6,success,0.7724
137,0137.png,IdentityCards/0137.png,42037-0000137-7,success,0.5485
138,0138.png,IdentityCards/0138.png,42038-0000138-8,success,0.6751
139,0139.png,IdentityCards/0139.png,42039-0000139-9,success,0.6388
140,0140.png,IdentityCards/0140.png,42040-0000140-0,success,0.538
141,0141.png,IdentityCards/0141.png,42041-0000141-1,success,0.7639
142,0142.png,IdentityCards/0142.png,42042-0000142-2,success,0.7926
143,0143.png,IdentityCards/0143.png,42043-0000143-3,success,0.5941
144,0144.png,IdentityCards/0144.png,42044-0000144-4,success,0.741
145,0145.png,IdentityCards/0145.png,42045-0000145-5,success,0.7434
146,0146.png,IdentityCards/0146.png,42046-0000146-6,success,0.7697
147,0147.png,IdentityCards/0147.png,42047-0000147-7,success,0.6839
148,0148.png,IdentityCards/0148.png,42048-0000148-8,success,0.6326
149,0149.png,IdentityCards/0149.png,,failed,0.4651
150,0150.png,IdentityCards/0150.png,42050-0000150-0,success,0.5642
151,0151.png,IdentityCards/0151.png,42051-0000151-1,success,0.8319
152,0152.png,IdentityCards/0152.png,42052-0000152-2,success,0.584
153,0153.png,IdentityCards/0153.png,42053-0000153-3,success,0.628
154,0154.png,IdentityCards/0154.png,42054-0000154-4,success,0.7327
155,0155.png,IdentityCards/0155.png,42055-0000155-5,success,0.5747
156,0156.png,IdentityCards/0156.png,42056-0000156-6,success,0.875
157,0157.png,IdentityCards/0157.png,42057-0000157-7,success,0.7886
158,0158.png,IdentityCards/0158.png,42058-0000158-8,success,0.6499
159,0159.png,IdentityCards/0159.png,42059-0000159-9,success,0.729
160,0160.png,IdentityCards/0160.png,42080-0000160-0,success,0.5753
161,0161.png,IdentityCards/0161.png,42081-0000161-1,success,0.7244
162,0162.png,IdentityCards/0162.png,42062-0000162-2,success,0.5802
163,0163.png,IdentityCards/0163.png,,failed,0.481
164,0164.png,IdentityCards/0164.png,42064-0000164-4,success,0.5847
165,0165.png,IdentityCards/0165.png,42085-0000165-5,success,0.5341
166,0166.png,IdentityCards/0166.png,42086-0000166-6,success,0.8835
167,0167.png,IdentityCards/0167.png,42067-0000167-7,success,0.7228
168,0168.png,IdentityCards/0168.png,,failed,0.4029
169,0169.png,IdentityCards/0169.png,,failed,0.2719
170,0170.png,IdentityCards/0170.png,42070-0000170-0,success,0.6256
171,0171.png,IdentityCards/0171.png,42071-0000171-1,success,0.6429
172,0172.png,IdentityCards/0172.png,42072-0000172-2,success,0.5277
173,0173.png,IdentityCards/0173.png,42073-0000173-3,success,0.7087
174,0174.png,IdentityCards/0174.png,42074-0000174-4,success,0.7579
175,0175.png,IdentityCards/0175.png,42075-0000175-5,success,0.6031
176,0176.png,IdentityCards/0176.png,42076-0000176-6,success,0.8366
177,0177.png,IdentityCards/0177.png,42077-0000177-1,success,0.6332
178,0178.png,IdentityCards/0178.png,42078-0000178-8,success,0.5056
179,0179.png,IdentityCards/0179.png,42079-0000179-9,success,0.7357
180,0180.png,IdentityCards/0180.png,,failed,0.3314
181,0181.png,IdentityCards/0181.png,,failed,0
182,0182.png,IdentityCards/0182.png,42082-0000182-2,success,0.6895
183,0183.png,IdentityCards/0183.png,,failed,0
184,0184.png,IdentityCards/0184.png,,failed,0.4528
185,0185.png,IdentityCards/0185.png,,failed,0.2227
186,0186.png,IdentityCards/0186.png,42086-0000186-6,success,0.7931
187,0187.png,IdentityCards/0187.png,42087-0000187-7,success,0.7351
188,0188.png,IdentityCards/0188.png,42088-0000188-8,success,0.6547
189,0189.png,IdentityCards/0189.png,42089-0000189-9,success,0.7253
190,0190.png,IdentityCards/0190.png,42090-0000190-0,success,0.687
191,0191.png,IdentityCards/0191.png,42091-0000191-1,success,0.6655
192,0192.png,IdentityCards/0192.png,,failed,0.4879
193,0193.png,IdentityCards/0193.png,42093-0000193-3,success,0.6738
194,0194.png,IdentityCards/0194.png,42094-0000194-4,success,0.603
195,0195.png,IdentityCards/0195.png,,failed,0.4515
196,0196.png,IdentityCards/0196.png,42096-0000196-6,success,0.8676
197,0197.png,IdentityCards/0197.png,42097-0000197-7,success,0.6981
198,0198.png,IdentityCards/0198.png,42098-0000198-8,success,0.6732
199,0199.png,IdentityCards/0199.png,42039-0000199-9,success,0.5647
200,0200.png,IdentityCards/0200.png,,failed,0.1929
201,0201.png,IdentityCards/0201.png,,failed,0.461
202,0202.png,IdentityCards/0202.png,,failed,0.3776
203,0203.png,IdentityCards/0203.png,,failed,0.2663
204,0204.png,IdentityCards/0204.png,42004-0000204-4,success,0.5339
205,0205.png,IdentityCards/0205.png,42605-0000205-5,success,0.6885
206,0206.png,IdentityCards/0206.png,42606-0000206-6,success,0.5527
207,0207.png,IdentityCards/0207.png,,failed,0.4517
208,0208.png,IdentityCards/0208.png,,failed,0.3832
209,0209.png,IdentityCards/0209.png,42009-0000209-9,success,0.599
210,0210.png,IdentityCards/0210.png,42010-0000210-0,success,0.5958
211,0211.png,IdentityCards/0211.png,42011-0000211-1,success,0.7018
212,0212.png,IdentityCards/0212.png,42012-0000212-2,success,0.7243
213,0213.png,IdentityCards/0213.png,,failed,0.495
214,0214.png,IdentityCards/0214.png,42014-0000214-4,success,0.7464
215,0215.png,IdentityCards/0215.png,42015-0000215-5,success,0.6561
216,0216.png,IdentityCards/0216.png,42016-0000216-6,success,0.8378
217,0217.png,IdentityCards/0217.png,,failed,0.4895
218,0218.png,IdentityCards/0218.png,,failed,0.3755
219,0219.png,IdentityCards/0219.png,42019-0000219-9,success,0.7839
220,0220.png,IdentityCards/0220.png,,failed,0
221,0221.png,IdentityCards/0221.png,42021-0000221-1,success,0.7411
222,0222.png,IdentityCards/0222.png,42022-0000222-2,success,0.5907
223,0223.png,IdentityCards/0223.png,42023-0000223-3,success,0.6886
224,0224.png,IdentityCards/0224.png,42024-0000224-4,success,0.7758
225,0225.png,IdentityCards/0225.png,42025-0000225-5,success,0.7397
226,0226.png,IdentityCards/0226.png,42026-0000226-6,success,0.6545
227,0227.png,IdentityCards/0227.png,,failed,0.4641
228,0228.png,IdentityCards/0228.png,42028-0000228-8,success,0.712
229,0229.png,IdentityCards/0229.png,42029-0000229-9,success,0.6256
230,0230.png,IdentityCards/0230.png,42030-0000230-0,success,0.8245
231,0231.png,IdentityCards/0231.png,42031-0000231-1,success,0.8209
232,0232.png,IdentityCards/0232.png,42032-0000232-2,success,0.7916
233,0233.png,IdentityCards/0233.png,,failed,0.415
234,0234.png,IdentityCards/0234.png,42034-0000234-4,success,0.7795
235,0235.png,IdentityCards/0235.png,,failed,0.487
236,0236.png,IdentityCards/0236.png,42036-0000236-6,success,0.865
237,0237.png,IdentityCards/0237.png,42037-0000237-7,success,0.6597
238,0238.png,IdentityCards/0238.png,42038-0000238-8,success,0.7483
239,0239.png,IdentityCards/0239.png,42039-0000239-9,success,0.5654
240,0240.png,IdentityCards/0240.png,42040-0000240-0,success,0.6022
241,0241.png,IdentityCards/0241.png,42041-0000241-1,success,0.556
242,0242.png,IdentityCards/0242.png,42042-0000242-2,success,0.791
243,0243.png,IdentityCards/0243.png,42043-0000243-3,success,0.7498
244,0244.png,IdentityCards/0244.png,,failed,0.465
245,0245.png,IdentityCards/0245.png,,failed,0.3906
246,0246.png,IdentityCards/0246.png,42046-0000246-6,success,0.8512
247,0247.png,IdentityCards/0247.png,42047-0000247-7,success,0.7026
248,0248.png,IdentityCards/0248.png,,failed,0
249,0249.png,IdentityCards/0249.png,42049-0000249-9,success,0.5327
250,0250.png,IdentityCards/0250.png,42050-0000250-0,success,0.5662
251,0251.png,IdentityCards/0251.png,42051-0000251-1,success,0.8423
252,0252.png,IdentityCards/0252.png,42052-0000252-2,success,0.5599
253,0253.png,IdentityCards/0253.png,42053-0000253-3,success,0.614
254,0254.png,IdentityCards/0254.png,42054-0000254-4,success,0.8024
255,0255.png,IdentityCards/0255.png,42055-0000255-5,success,0.7953
256,0256.png,IdentityCards/0256.png,42056-0000256-6,success,0.8257
257,0257.png,IdentityCards/0257.png,42057-0000257-7,success,0.8112
258,0258.png,IdentityCards/0258.png,42058-0000258-8,success,0.7677
259,0259.png,IdentityCards/0259.png,42059-0000259-9,success,0.5856
260,0260.png,IdentityCards/0260.png,,failed,0.4632
261,0261.png,IdentityCards/0261.png,,failed,0.444
262,0262.png,IdentityCards/0262.png,42062-0000262-2,success,0.7506
263,0263.png,IdentityCards/0263.png,42063-0000263-3,success,0.6077
264,0264.png,IdentityCards/0264.png,,failed,0.4625
265,0265.png,IdentityCards/0265.png,,failed,0.4127
266,0266.png,IdentityCards/0266.png,42086-0000256-6,success,0.6572
267,0267.png,IdentityCards/0267.png,,failed,0.4947
268,0268.png,IdentityCards/0268.png,42088-0000268-8,success,0.5606
269,0269.png,IdentityCards/0269.png,,failed,0.3426
270,0270.png,IdentityCards/0270.png,42070-0000270-0,success,0.749
271,0271.png,IdentityCards/0271.png,,failed,0.4911
272,0272.png,IdentityCards/0272.png,42072-0000212-2,success,0.7303
273,0273.png,IdentityCards/0273.png,42073-0000273-3,success,0.763
274,0274.png,IdentityCards/0274.png,42074-0000274-4,success,0.82
275,0275.png,IdentityCards/0275.png,42075-0000275-5,success,0.8446
276,0276.png,IdentityCards/0276.png,42076-0000276-6,success,0.8644
277,0277.png,IdentityCards/0277.png,,failed,0.4044
278,0278.png,IdentityCards/0278.png,42078-0000278-8,success,0.7277
279,0279.png,IdentityCards/0279.png,42079-0000279-9,success,0.7417
280,0280.png,IdentityCards/0280.png,42080-0000280-0,success,0.5159
281,0281.png,IdentityCards/0281.png,42081-0000281-1,success,0.5387
282,0282.png,IdentityCards/0282.png,42082-0000282-2,success,0.8378
283,0283.png,IdentityCards/0283.png,42083-0000283-3,success,0.6473
284,0284.png,IdentityCards/0284.png,42084-0000284-4,success,0.7582
285,0285.png,IdentityCards/0285.png,42085-0000285-5,success,0.718
286,0286.png,IdentityCards/0286.png,42086-0000286-6,success,0.8872
287,0287.png,IdentityCards/0287.png,42087-0000287-7,success,0.5223
288,0288.png,IdentityCards/0288.png,42088-0000288-8,success,0.6936
289,0289.png,IdentityCards/0289.png,42089-0000289-9,success,0.6766
290,0290.png,IdentityCards/0290.png,,failed,0.4371
291,0291.png,IdentityCards/0291.png,42091-0000291-1,success,0.6183
292,0292.png,IdentityCards/0292.png,,failed,0.3905
293,0293.png,IdentityCards/0293.png,42093-0000293-3,success,0.6283
294,0294.png,IdentityCards/0294.png,42094-0000294-4,success,0.68
295,0295.png,IdentityCards/0295.png,42095-0000295-5,success,0.6171
296,0296.png,IdentityCards/0296.png,42096-0000296-6,success,0.8029
297,0297.png,IdentityCards/0297.png,42097-0000257-7,success,0.5079
298,0298.png,IdentityCards/0298.png,42098-0000298-8,success,0.6761
299,0299.png,IdentityCards/0299.png,,failed,0.4349
300,0300.png,IdentityCards/0300.png,,failed,0.2598
301,0301.png,IdentityCards/0301.png,42601-0000301-1,success,0.5829
302,0302.png,IdentityCards/0302.png,,failed,0.434
303,0303.png,IdentityCards/0303.png,,failed,0.3006
304,0304.png,IdentityCards/0304.png,42004-0000304-4,success,0.6561
305,0305.png,IdentityCards/0305.png,42605-0000305-5,success,0.6259
306,0306.png,IdentityCards/0306.png,,failed,0.4607
307,0307.png,IdentityCards/0307.png,42607-0000307-7,success,0.5716
308,0308.png,IdentityCards/0308.png,,failed,0.3724
309,0309.png,IdentityCards/0309.png,,failed,0.4465
310,0310.png,IdentityCards/0310.png,42010-0000310-0,success,0.7703
311,0311.png,IdentityCards/0311.png,42011-0000311-1,success,0.6795
312,0312.png,IdentityCards/0312.png,42012-0000312-2,success,0.7244
313,0313.png,IdentityCards/0313.png,,failed,0.4823
314,0314.png,IdentityCards/0314.png,42014-0000314-4,success,0.5439
315,0315.png,IdentityCards/0315.png,42015-0000315-5,success,0.8511
316,0316.png,IdentityCards/0316.png,42016-0000316-6,success,0.8928
317,0317.png,IdentityCards/0317.png,42017-0000317-7,success,0.7653
318,0318.png,IdentityCards/0318.png,42018-0000318-8,success,0.6417
319,0319.png,IdentityCards/0319.png,42019-0000319-9,success,0.6612
320,0320.png,IdentityCards/0320.png,42020-0000320-0,success,0.7351
321,0321.png,IdentityCards/0321.png,42021-0000321-1,success,0.8244
322,0322.png,IdentityCards/0322.png,42022-0000322-2,success,0.8244
323,0323.png,IdentityCards/0323.png,42023-0000323-3,success,0.7345
324,0324.png,IdentityCards/0324.png,42024-0000324-4,success,0.7335
325,0325.png,IdentityCards/0325.png,42025-0000325-5,success,0.5256
326,0326.png,IdentityCards/0326.png,42026-0000326-6,success,0.6919
327,0327.png,IdentityCards/0327.png,42027-0000327-7,success,0.6267
328,0328.png,IdentityCards/0328.png,42028-0000328-8,success,0.7646
329,0329.png,IdentityCards/0329.png,42029-0000329-9,success,0.7917
330,0330.png,IdentityCards/0330.png,42030-0000330-0,success,0.721
331,0331.png,IdentityCards/0331.png,42031-0000331-1,success,0.8706
332,0332.png,IdentityCards/0332.png,42032-0000332-2,success,0.6919
333,0333.png,IdentityCards/0333.png,42033-0000333-3,success,0.8083
334,0334.png,IdentityCards/0334.png,42034-0000334-4,success,0.7787
335,0335.png,IdentityCards/0335.png,42035-0000325-5,success,0.6089
336,0336.png,IdentityCards/0336.png,42036-0000336-6,success,0.7589
337,0337.png,IdentityCards/0337.png,42037-0000337-7,success,0.6731
338,0338.png,IdentityCards/0338.png,42038-0000338-8,success,0.7347
339,0339.png,IdentityCards/0339.png,42039-0000339-9,success,0.9297
340,0340.png,IdentityCards/0340.png,42040-0000340-0,success,0.5194
341,0341.png,IdentityCards/0341.png,42041-0000341-1,success,0.6833
342,0342.png,IdentityCards/0342.png,42042-0000342-2,success,0.6847
343,0343.png,IdentityCards/0343.png,42043-0000343-3,success,0.7111
344,0344.png,IdentityCards/0344.png,42044-0000344-4,success,0.8297
345,0345.png,IdentityCards/0345.png,42045-0000345-5,success,0.7023
346,0346.png,IdentityCards/0346.png,42046-0000346-6,success,0.9049
347,0347.png,IdentityCards/0347.png,42047-0000347-7,success,0.8226
348,0348.png,IdentityCards/0348.png,42048-0000348-8,success,0.6558
349,0349.png,IdentityCards/0349.png,42049-0000349-9,success,0.7584
350,0350.png,IdentityCards/0350.png,42050-0000350-0,success,0.8266
351,0351.png,IdentityCards/0351.png,42051-0000351-1,success,0.8967
352,0352.png,IdentityCards/0352.png,42052-0000352-2,success,0.6109
353,0353.png,IdentityCards/0353.png,42053-0000353-3,success,0.6849
354,0354.png,IdentityCards/0354.png,42054-0000354-4,success,0.6441
355,0355.png,IdentityCards/0355.png,42055-0000355-5,success,0.7885
356,0356.png,IdentityCards/0356.png,42056-0000356-6,success,0.8843
357,0357.png,IdentityCards/0357.png,42057-0000357-7,success,0.8181
358,0358.png,IdentityCards/0358.png,42058-0000358-8,success,0.766
359,0359.png,IdentityCards/0359.png,42059-0000359-9,success,0.9233
360,0360.png,IdentityCards/0360.png,42080-0000360-0,success,0.5933
361,0361.png,IdentityCards/0361.png,42081-0000361-1,success,0.6814
362,0362.png,IdentityCards/0362.png,42062-0000362-2,success,0.7778
363,0363.png,IdentityCards/0363.png,42063-0000363-3,success,0.6592
364,0364.png,IdentityCards/0364.png,42064-0000364-4,success,0.6828
365,0365.png,IdentityCards/0365.png,42085-0000365-5,success,0.6467
366,0366.png,IdentityCards/0366.png,42086-0000366-6,success,0.9347
367,0367.png,IdentityCards/0367.png,42067-0000367-7,success,0.6088
368,0368.png,IdentityCards/0368.png,42088-0000368-8,success,0.7323
369,0369.png,IdentityCards/0369.png,42069-0000369-9,success,0.5087
370,0370.png,IdentityCards/0370.png,42070-0000370-0,success,0.6027
371,0371.png,IdentityCards/0371.png,42071-0000371-1,success,0.7476
372,0372.png,IdentityCards/0372.png,42072-0000372-2,success,0.5403
373,0373.png,IdentityCards/0373.png,,failed,0.4359
374,0374.png,IdentityCards/0374.png,42074-0000374-4,success,0.8625
375,0375.png,IdentityCards/0375.png,42075-0000375-5,success,0.8186
376,0376.png,IdentityCards/0376.png,42076-0000376-6,success,0.8263
377,0377.png,IdentityCards/0377.png,,failed,0.3744
378,0378.png,IdentityCards/0378.png,42078-0000378-8,success,0.6051
379,0379.png,IdentityCards/0379.png,42079-0000379-9,success,0.8523
380,0380.png,IdentityCards/0380.png,42080-0000380-0,success,0.7039
381,0381.png,IdentityCards/0381.png,42081-0000381-1,success,0.7846
382,0382.png,IdentityCards/0382.png,42082-0000382-2,success,0.7298
383,0383.png,IdentityCards/0383.png,42083-0000383-3,success,0.7233
384,0384.png,IdentityCards/0384.png,42084-0000384-4,success,0.8122
385,0385.png,IdentityCards/0385.png,42085-0000385-5,success,0.8212
386,0386.png,IdentityCards/0386.png,42086-0000386-6,success,0.891
387,0387.png,IdentityCards/0387.png,42087-0000387-7,success,0.7396
388,0388.png,IdentityCards/0388.png,42088-0000388-8,success,0.7306
389,0389.png,IdentityCards/0389.png,42089-0000389-9,success,0.7019
390,0390.png,IdentityCards/0390.png,42090-0000390-0,success,0.7148
391,0391.png,IdentityCards/0391.png,42091-0000391-1,success,0.8955
392,0392.png,IdentityCards/0392.png,42082-0000392-2,success,0.5719
393,0393.png,IdentityCards/0393.png,,failed,0.4183
394,0394.png,IdentityCards/0394.png,42094-0000394-4,success,0.7213
395,0395.png,IdentityCards/0395.png,,failed,0.3732
396,0396.png,IdentityCards/0396.png,42096-0000396-6,success,0.8747
397,0397.png,IdentityCards/0397.png,42097-0000357-7,success,0.5156
398,0398.png,IdentityCards/0398.png,42098-0000398-8,success,0.7343
399,0399.png,IdentityCards/0399.png,42039-0000399-9,success,0.6421
400,0400.png,IdentityCards/0400.png,,failed,0.2574
401,0401.png,IdentityCards/0401.png,,failed,0.4865
402,0402.png,IdentityCards/0402.png,,failed,0.4259
403,0403.png,IdentityCards/0403.png,,failed,0.4629
404,0404.png,IdentityCards/0404.png,42004-0000404-4,success,0.5565
405,0405.png,IdentityCards/0405.png,42605-0000405-5,success,0.5185
406,0406.png,IdentityCards/0406.png,,failed,0.4
407,0407.png,IdentityCards/0407.png,42607-0000407-7,success,0.6518
408,0408.png,IdentityCards/0408.png,,failed,0.2968
409,0409.png,IdentityCards/0409.png,,failed,0.2682
410,0410.png,IdentityCards/0410.png,42010-0000410-0,success,0.6995
411,0411.png,IdentityCards/0411.png,42011-0000411-1,success,0.5874
412,0412.png,IdentityCards/0412.png,42012-0000412-2,success,0.8074
413,0413.png,IdentityCards/0413.png,42013-0000413-3,success,0.6263
414,0414.png,IdentityCards/0414.png,42014-0000414-4,success,0.7252
415,0415.png,IdentityCards/0415.png,42015-0000415-5,success,0.6961
416,0416.png,IdentityCards/0416.png,42016-0000416-6,success,0.8325
417,0417.png,IdentityCards/0417.png,42017-0000417-7,success,0.8199
418,0418.png,IdentityCards/0418.png,,failed,0.4872
419,0419.png,IdentityCards/0419.png,42019-0000419-9,success,0.7565
420,0420.png,IdentityCards/0420.png,42020-0000420-0,success,0.5052
421,0421.png,IdentityCards/0421.png,42021-0000421-1,success,0.6413
422,0422.png,IdentityCards/0422.png,42022-0000422-2,success,0.7784
423,0423.png,IdentityCards/0423.png,,failed,0.4165
424,0424.png,IdentityCards/0424.png,42024-0000424-4,success,0.5546
425,0425.png,IdentityCards/0425.png,42025-0000425-5,success,0.5062
426,0426.png,IdentityCards/0426.png,,failed,0
427,0427.png,IdentityCards/0427.png,42027-0000421-7,success,0.5311
428,0428.png,IdentityCards/0428.png,42028-0000428-8,success,0.7682
429,0429.png,IdentityCards/0429.png,42029-0000429-9,success,0.7789
430,0430.png,IdentityCards/0430.png,42030-0000430-0,success,0.6497
431,0431.png,IdentityCards/0431.png,42031-0000431-1,success,0.7568
432,0432.png,IdentityCards/0432.png,42032-0000432-2,success,0.7074
433,0433.png,IdentityCards/0433.png,42033-0000433-3,success,0.7732
434,0434.png,IdentityCards/0434.png,42034-0000434-4,success,0.796
435,0435.png,IdentityCards/0435.png,42035-0000435-5,success,0.827
436,0436.png,IdentityCards/0436.png,42036-0000436-6,success,0.8928
437,0437.png,IdentityCards/0437.png,42037-0000437-7,success,0.7283
438,0438.png,IdentityCards/0438.png,42038-0000438-8,success,0.8045
439,0439.png,IdentityCards/0439.png,42039-0000439-9,success,0.8352
440,0440.png,IdentityCards/0440.png,42040-0000440-0,success,0.6737
441,0441.png,IdentityCards/0441.png,42041-0000441-1,success,0.7823
442,0442.png,IdentityCards/0442.png,42042-0000442-2,success,0.8961
443,0443.png,IdentityCards/0443.png,42043-0000443-3,success,0.7838
444,0444.png,IdentityCards/0444.png,42044-0000444-4,success,0.7106
445,0445.png,IdentityCards/0445.png,42045-0000445-5,success,0.5864
446,0446.png,IdentityCards/0446.png,42046-0000446-6,success,0.9217
447,0447.png,IdentityCards/0447.png,42047-0000447-7,success,0.7765
448,0448.png,IdentityCards/0448.png,42048-0000448-8,success,0.642
449,0449.png,IdentityCards/0449.png,42049-0000449-9,success,0.7313
450,0450.png,IdentityCards/0450.png,42050-0000450-0,success,0.6237
451,0451.png,IdentityCards/0451.png,42051-0000451-1,success,0.8717
452,0452.png,IdentityCards/0452.png,42052-0000452-2,success,0.7671
453,0453.png,IdentityCards/0453.png,42053-0000453-3,success,0.609
454,0454.png,IdentityCards/0454.png,42054-0000454-4,success,0.8003
455,0455.png,IdentityCards/0455.png,42055-0000455-5,success,0.667
456,0456.png,IdentityCards/0456.png,42056-0000456-6,success,0.8778
457,0457.png,IdentityCards/0457.png,42057-0000457-7,success,0.6033
458,0458.png,IdentityCards/0458.png,42058-0000458-8,success,0.7348
459,0459.png,IdentityCards/0459.png,42059-0000459-9,success,0.774
460,0460.png,IdentityCards/0460.png,42080-0000460-0,success,0.5724
461,0461.png,IdentityCards/0461.png,42081-0000461-1,success,0.6386
462,0462.png,IdentityCards/0462.png,42062-0000462-2,success,0.8445
463,0463.png,IdentityCards/0463.png,42063-0000463-3,success,0.7454
464,0464.png,IdentityCards/0464.png,42064-0000464-4,success,0.6354
465,0465.png,IdentityCards/0465.png,42085-0000465-5,success,0.549
466,0466.png,IdentityCards/0466.png,42086-0000466-6,success,0.872
467,0467.png,IdentityCards/0467.png,42067-0000467-7,success,0.6493
468,0468.png,IdentityCards/0468.png,42088-0000468-8,success,0.6998
469,0469.png,IdentityCards/0469.png,,failed,0.3938
470,0470.png,IdentityCards/0470.png,42070-0000470-0,success,0.6892
471,0471.png,IdentityCards/0471.png,42071-0000471-1,success,0.7117
472,0472.png,IdentityCards/0472.png,42072-0000472-2,success,0.7275
473,0473.png,IdentityCards/0473.png,42073-0000473-3,success,0.5167
474,0474.png,IdentityCards/0474.png,42074-0000474-4,success,0.8607
475,0475.png,IdentityCards/0475.png,42075-0000475-5,success,0.7986
476,0476.png,IdentityCards/0476.png,42076-0000476-6,success,0.8867
477,0477.png,IdentityCards/0477.png,42077-0000477-7,success,0.6409
478,0478.png,IdentityCards/0478.png,42078-0000478-8,success,0.5042
479,0479.png,IdentityCards/0479.png,42079-0000479-9,success,0.7201
480,0480.png,IdentityCards/0480.png,42080-0000480-0,success,0.5813
481,0481.png,IdentityCards/0481.png,42081-0000481-1,success,0.6645
482,0482.png,IdentityCards/0482.png,42082-0000482-2,success,0.8539
483,0483.png,IdentityCards/0483.png,42083-0000483-3,success,0.5543
484,0484.png,IdentityCards/0484.png,42084-0000484-4,success,0.7009
485,0485.png,IdentityCards/0485.png,42085-0000485-5,success,0.7278
486,0486.png,IdentityCards/0486.png,42086-0000486-6,success,0.9309
487,0487.png,IdentityCards/0487.png,42087-0000487-7,success,0.8354
488,0488.png,IdentityCards/0488.png,,failed,0
489,0489.png,IdentityCards/0489.png,,failed,0.49
490,0490.png,IdentityCards/0490.png,42090-0000490-0,success,0.6074
491,0491.png,IdentityCards/0491.png,42091-0000491-1,success,0.8028
492,0492.png,IdentityCards/0492.png,,failed,0.2633
493,0493.png,IdentityCards/0493.png,42093-0000493-3,success,0.6514
494,0494.png,IdentityCards/0494.png,42094-0000494-4,success,0.6351
495,0495.png,IdentityCards/0495.png,42035-0000495-5,success,0.5352
496,0496.png,IdentityCards/0496.png,42096-0000496-6,success,0.9357
497,0497.png,IdentityCards/0497.png,,failed,0.3651
498,0498.png,IdentityCards/0498.png,42098-0000498-8,success,0.6371
499,0499.png,IdentityCards/0499.png,42099-0000499-9,success,0.5895
500,0500.png,IdentityCards/0500.png,,failed,0.176
501,0501.png,IdentityCards/0501.png,42601-0000501-1,success,0.5217
502,0502.png,IdentityCards/0502.png,42002-0000502-2,success,0.5843
503,0503.png,IdentityCards/0503.png,,failed,0.3744
504,0504.png,IdentityCards/0504.png,42004-0000504-4,success,0.6352
505,0505.png,IdentityCards/0505.png,,failed,0.4376
506,0506.png,IdentityCards/0506.png,,failed,0.4491
507,0507.png,IdentityCards/0507.png,42607-0000507-7,success,0.5861
508,0508.png,IdentityCards/0508.png,,failed,0.4173
509,0509.png,IdentityCards/0509.png,42009-0000509-9,success,0.5613
510,0510.png,IdentityCards/0510.png,,failed,0
511,0511.png,IdentityCards/0511.png,42011-0000511-1,success,0.6667
512,0512.png,IdentityCards/0512.png,42012-0000512-2,success,0.8572
513,0513.png,IdentityCards/0513.png,,failed,0.444
514,0514.png,IdentityCards/0514.png,42014-0000514-4,success,0.5272
515,0515.png,IdentityCards/0515.png,42015-0000515-5,success,0.7424
516,0516.png,IdentityCards/0516.png,42016-0000516-6,success,0.8671
517,0517.png,IdentityCards/0517.png,42017-0000517-7,success,0.8431
518,0518.png,IdentityCards/0518.png,42018-0000518-8,success,0.5206
519,0519.png,IdentityCards/0519.png,42019-0000519-9,success,0.9461
520,0520.png,IdentityCards/0520.png,42020-0000520-0,success,0.5727
521,0521.png,IdentityCards/0521.png,42021-0000521-1,success,0.7082
522,0522.png,IdentityCards/0522.png,42022-0000522-2,success,0.7105
523,0523.png,IdentityCards/0523.png,42023-0000523-3,success,0.6026
524,0524.png,IdentityCards/0524.png,42024-0000524-4,success,0.8301
525,0525.png,IdentityCards/0525.png,42023-0000525-5,success,0.5181
526,0526.png,IdentityCards/0526.png,42026-0000526-6,success,0.6998
527,0527.png,IdentityCards/0527.png,,failed,0.4306
528,0528.png,IdentityCards/0528.png,42028-0000528-8,success,0.7812
529,0529.png,IdentityCards/0529.png,42029-0000529-9,success,0.8347
530,0530.png,IdentityCards/0530.png,42030-0000530-0,success,0.623
531,0531.png,IdentityCards/0531.png,42031-0000531-1,success,0.8502
532,0532.png,IdentityCards/0532.png,42032-0000532-2,success,0.8691
533,0533.png,IdentityCards/0533.png,42033-0000533-3,success,0.5445
534,0534.png,IdentityCards/0534.png,42034-0000534-4,success,0.8591
535,0535.png,IdentityCards/0535.png,42035-0000525-5,success,0.5268
536,0536.png,IdentityCards/0536.png,42036-0000526-6,success,0.7786
537,0537.png,IdentityCards/0537.png,42037-0000537-7,success,0.6834
538,0538.png,IdentityCards/0538.png,42038-0000528-8,success,0.7017
539,0539.png,IdentityCards/0539.png,42039-0000539-9,success,0.6293
540,0540.png,IdentityCards/0540.png,42040-0000540-0,success,0.7411
541,0541.png,IdentityCards/0541.png,42041-0000541-1,success,0.7999
542,0542.png,IdentityCards/0542.png,42042-0000542-2,success,0.8542
543,0543.png,IdentityCards/0543.png,42043-0000543-3,success,0.7068
544,0544.png,IdentityCards/0544.png,42044-0000544-4,success,0.6369
545,0545.png,IdentityCards/0545.png,42045-0000545-5,success,0.8313
546,0546.png,IdentityCards/0546.png,42046-0000546-6,success,0.908
547,0547.png,IdentityCards/0547.png,42047-0000547-7,success,0.7909
548,0548.png,IdentityCards/0548.png,42048-0000548-8,success,0.7309
549,0549.png,IdentityCards/0549.png,42049-0000549-9,success,0.6807
550,0550.png,IdentityCards/0550.png,42050-0000550-0,success,0.6113
551,0551.png,IdentityCards/0551.png,42051-0000551-1,success,0.9021
552,0552.png,IdentityCards/0552.png,42052-0000552-2,success,0.8887
553,0553.png,IdentityCards/0553.png,,failed,0.4384
554,0554.png,IdentityCards/0554.png,42054-0000554-4,success,0.8445
555,0555.png,IdentityCards/0555.png,,failed,0.413
556,0556.png,IdentityCards/0556.png,42056-0000556-6,success,0.8946
557,0557.png,IdentityCards/0557.png,42057-0000557-7,success,0.7314
558,0558.png,IdentityCards/0558.png,,failed,0.4436
559,0559.png,IdentityCards/0559.png,42059-0000559-9,success,0.636
560,0560.png,IdentityCards/0560.png,42080-0000560-0,success,0.5982
561,0561.png,IdentityCards/0561.png,42081-0000561-1,success,0.6175
562,0562.png,IdentityCards/0562.png,42062-0000562-2,success,0.8309
563,0563.png,IdentityCards/0563.png,42063-0000563-3,success,0.7484
564,0564.png,IdentityCards/0564.png,42064-0000564-4,success,0.6327
565,0565.png,IdentityCards/0565.png,,failed,0.4804
566,0566.png,IdentityCards/0566.png,42086-0000566-6,success,0.9164
567,0567.png,IdentityCards/0567.png,42067-0000567-7,success,0.7076
568,0568.png,IdentityCards/0568.png,42088-0000568-8,success,0.7311
569,0569.png,IdentityCards/0569.png,,failed,0.4657
570,0570.png,IdentityCards/0570.png,42070-0000570-0,success,0.7319
571,0571.png,IdentityCards/0571.png,42071-0000571-1,success,0.7808
572,0572.png,IdentityCards/0572.png,42072-0000572-2,success,0.7851
573,0573.png,IdentityCards/0573.png,42073-0000573-3,success,0.6951
574,0574.png,IdentityCards/0574.png,42074-0000574-4,success,0.8879
575,0575.png,IdentityCards/0575.png,42075-0000575-5,success,0.8475
576,0576.png,IdentityCards/0576.png,42076-0000576-6,success,0.9179
577,0577.png,IdentityCards/0577.png,42077-0000577-1,success,0.5389
578,0578.png,IdentityCards/0578.png,42078-0000578-8,success,0.7278
579,0579.png,IdentityCards/0579.png,42079-0000579-9,success,0.7953
580,0580.png,IdentityCards/0580.png,,failed,0.2727
581,0581.png,IdentityCards/0581.png,42081-0000581-1,success,0.7174
582,0582.png,IdentityCards/0582.png,42082-0000582-2,success,0.7744
583,0583.png,IdentityCards/0583.png,42083-0000583-3,success,0.5668
584,0584.png,IdentityCards/0584.png,,failed,0.3691
585,0585.png,IdentityCards/0585.png,,failed,0.4043
586,0586.png,IdentityCards/0586.png,42086-0000586-6,success,0.8788
587,0587.png,IdentityCards/0587.png,42087-0000587-7,success,0.6813
588,0588.png,IdentityCards/0588.png,42088-0000588-8,success,0.5927
589,0589.png,IdentityCards/0589.png,42089-0000589-9,success,0.717
590,0590.png,IdentityCards/0590.png,42090-0000590-0,success,0.5886
591,0591.png,IdentityCards/0591.png,42091-0000591-1,success,0.7902
592,0592.png,IdentityCards/0592.png,42082-0000592-2,success,0.6234
593,0593.png,IdentityCards/0593.png,42093-0000593-3,success,0.727
594,0594.png,IdentityCards/0594.png,42094-0000594-4,success,0.7346
595,0595.png,IdentityCards/0595.png,42095-0000595-5,success,0.7155
596,0596.png,IdentityCards/0596.png,42096-0000596-6,success,0.8864
597,0597.png,IdentityCards/0597.png,42097-0000597-7,success,0.638
598,0598.png,IdentityCards/0598.png,42098-0000598-8,success,0.7755
599,0599.png,IdentityCards/0599.png,42039-0000599-9,success,0.5475
600,0600.png,IdentityCards/0600.png,,failed,0.2251
601,0601.png,IdentityCards/0601.png,,failed,0.4987
602,0602.png,IdentityCards/0602.png,,failed,0.4404
603,0603.png,IdentityCards/0603.png,,failed,0.3706
604,0604.png,IdentityCards/0604.png,,failed,0
605,0605.png,IdentityCards/0605.png,42605-0000605-5,success,0.6128
606,0606.png,IdentityCards/0606.png,42606-0000606-6,success,0.5829
607,0607.png,IdentityCards/0607.png,42607-0000607-7,success,0.5939
608,0608.png,IdentityCards/0608.png,,failed,0
609,0609.png,IdentityCards/0609.png,,failed,0.46
610,0610.png,IdentityCards/0610.png,42010-0000610-0,success,0.571
611,0611.png,IdentityCards/0611.png,,failed,0.4764
612,0612.png,IdentityCards/0612.png,42012-0000612-2,success,0.7564
613,0613.png,IdentityCards/0613.png,42013-0000613-3,success,0.623
614,0614.png,IdentityCards/0614.png,42014-0000614-4,success,0.7724
615,0615.png,IdentityCards/0615.png,42015-0000615-5,success,0.8284
616,0616.png,IdentityCards/0616.png,42016-0000616-6,success,0.8713
617,0617.png,IdentityCards/0617.png,42017-0000617-7,success,0.5135
618,0618.png,IdentityCards/0618.png,,failed,0.4745
619,0619.png,IdentityCards/0619.png,42019-0000619-9,success,0.6037
620,0620.png,IdentityCards/0620.png,,failed,0
621,0621.png,IdentityCards/0621.png,42021-0000621-1,success,0.7173
622,0622.png,IdentityCards/0622.png,42022-0000622-2,success,0.7465
623,0623.png,IdentityCards/0623.png,42023-0000623-3,success,0.7318
624,0624.png,IdentityCards/0624.png,42024-0000624-4,success,0.8003
625,0625.png,IdentityCards/0625.png,,failed,0.4526
626,0626.png,IdentityCards/0626.png,42026-0000626-6,success,0.7422
627,0627.png,IdentityCards/0627.png,42027-0000621-7,success,0.6307
628,0628.png,IdentityCards/0628.png,42028-0000628-8,success,0.7491
629,0629.png,IdentityCards/0629.png,42029-0000629-9,success,0.5275
630,0630.png,IdentityCards/0630.png,42030-0000630-0,success,0.625
631,0631.png,IdentityCards/0631.png,42031-0000631-1,success,0.7588
632,0632.png,IdentityCards/0632.png,42032-0000632-2,success,0.601
633,0633.png,IdentityCards/0633.png,42033-0000633-3,success,0.5436
634,0634.png,IdentityCards/0634.png,42034-0000634-4,success,0.5916
635,0635.png,IdentityCards/0635.png,42035-0000625-5,success,0.5815
636,0636.png,IdentityCards/0636.png,42036-0000626-6,success,0.6831
637,0637.png,IdentityCards/0637.png,42037-0000637-7,success,0.8156
638,0638.png,IdentityCards/0638.png,42038-0000638-8,success,0.6166
639,0639.png,IdentityCards/0639.png,42039-0000639-9,success,0.663
640,0640.png,IdentityCards/0640.png,42040-0000640-0,success,0.6819
641,0641.png,IdentityCards/0641.png,42041-0000641-1,success,0.671
642,0642.png,IdentityCards/0642.png,42042-0000642-2,success,0.832
643,0643.png,IdentityCards/0643.png,42043-0000643-3,success,0.6892
644,0644.png,IdentityCards/0644.png,42044-0000644-4,success,0.6517
645,0645.png,IdentityCards/0645.png,42045-0000645-5,success,0.8117
646,0646.png,IdentityCards/0646.png,42046-0000646-6,success,0.9123
647,0647.png,IdentityCards/0647.png,42047-0000647-7,success,0.8313
648,0648.png,IdentityCards/0648.png,,failed,0.4296
649,0649.png,IdentityCards/0649.png,42049-0000649-9,success,0.7575
650,0650.png,IdentityCards/0650.png,42050-0000650-0,success,0.5335
651,0651.png,IdentityCards/0651.png,42051-0000651-1,success,0.7057
652,0652.png,IdentityCards/0652.png,42052-0000652-2,success,0.6529
653,0653.png,IdentityCards/0653.png,42053-0000653-3,success,0.7223
654,0654.png,IdentityCards/0654.png,42054-0000654-4,success,0.8265
655,0655.png,IdentityCards/0655.png,42055-0000655-5,success,0.6823
656,0656.png,IdentityCards/0656.png,42056-0000656-6,success,0.8935
657,0657.png,IdentityCards/0657.png,42057-0000657-7,success,0.637
658,0658.png,IdentityCards/0658.png,,failed,0.4423
659,0659.png,IdentityCards/0659.png,42059-0000659-9,success,0.6212
660,0660.png,IdentityCards/0660.png,42080-0000660-0,success,0.6316
661,0661.png,IdentityCards/0661.png,42081-0000661-1,success,0.823
662,0662.png,IdentityCards/0662.png,42062-0000662-2,success,0.8377
663,0663.png,IdentityCards/0663.png,42063-0000663-3,success,0.5661
664,0664.png,IdentityCards/0664.png,42064-0000664-4,success,0.702
665,0665.png,IdentityCards/0665.png,42085-0000665-5,success,0.5561
666,0666.png,IdentityCards/0666.png,42086-0000666-6,success,0.8268
667,0667.png,IdentityCards/0667.png,42067-0000667-7,success,0.7831
668,0668.png,IdentityCards/0668.png,42088-0000668-8,success,0.7102
669,0669.png,IdentityCards/0669.png,,failed,0.3863
670,0670.png,IdentityCards/0670.png,42070-0000670-0,success,0.6171
671,0671.png,IdentityCards/0671.png,42071-0000671-1,success,0.7641
672,0672.png,IdentityCards/0672.png,42072-0000672-2,success,0.8312
673,0673.png,IdentityCards/0673.png,42073-0000673-3,success,0.6692
674,0674.png,IdentityCards/0674.png,42074-0000674-4,success,0.7959
675,0675.png,IdentityCards/0675.png,42075-0000675-5,success,0.7641
676,0676.png,IdentityCards/0676.png,42076-0000676-6,success,0.8952
677,0677.png,IdentityCards/0677.png,42077-0000677-7,success,0.674
678,0678.png,IdentityCards/0678.png,42078-0000678-8,success,0.6831
679,0679.png,IdentityCards/0679.png,42079-0000679-9,success,0.8771
680,0680.png,IdentityCards/0680.png,,failed,0
681,0681.png,IdentityCards/0681.png,,failed,0
682,0682.png,IdentityCards/0682.png,,failed,0.4448
683,0683.png,IdentityCards/0683.png,,failed,0.385
684,0684.png,IdentityCards/0684.png,42084-0000684-4,success,0.5527
685,0685.png,IdentityCards/0685.png,42085-0000685-5,success,0.7475
686,0686.png,IdentityCards/0686.png,42086-0000686-6,success,0.889
687,0687.png,IdentityCards/0687.png,42087-0000687-7,success,0.6825
688,0688.png,IdentityCards/0688.png,42088-0000688-8,success,0.5104
689,0689.png,IdentityCards/0689.png,42089-0000689-9,success,0.5194
690,0690.png,IdentityCards/0690.png,,failed,0.4373
691,0691.png,IdentityCards/0691.png,42091-0000691-1,success,0.8209
692,0692.png,IdentityCards/0692.png,42082-0000692-2,success,0.528
693,0693.png,IdentityCards/0693.png,,failed,0.3974
694,0694.png,IdentityCards/0694.png,42094-0000694-4,success,0.7364
695,0695.png,IdentityCards/0695.png,42095-0000695-5,success,0.6826
696,0696.png,IdentityCards/0696.png,42096-0000696-6,success,0.6238
697,0697.png,IdentityCards/0697.png,42097-0000697-7,success,0.5484
698,0698.png,IdentityCards/0698.png,42098-0000698-8,success,0.7897
699,0699.png,IdentityCards/0699.png,42039-0000699-9,success,0.6054
700,0700.png,IdentityCards/0700.png,,failed,0.2052
701,0701.png,IdentityCards/0701.png,,failed,0.4413
702,0702.png,IdentityCards/0702.png,,failed,0.4268
703,0703.png,IdentityCards/0703.png,,failed,0.4172
704,0704.png,IdentityCards/0704.png,,failed,0.476
705,0705.png,IdentityCards/0705.png,42605-0000705-5,success,0.536
706,0706.png,IdentityCards/0706.png,,failed,0.3743
707,0707.png,IdentityCards/0707.png,42607-0000707-7,success,0.5072
708,0708.png,IdentityCards/0708.png,,failed,0.3809
709,0709.png,IdentityCards/0709.png,,failed,0.468
710,0710.png,IdentityCards/0710.png,42010-0000710-0,success,0.7515
711,0711.png,IdentityCards/0711.png,42011-0000711-1,success,0.5744
712,0712.png,IdentityCards/0712.png,42012-0000712-2,success,0.836
713,0713.png,IdentityCards/0713.png,,failed,0.4951
714,0714.png,IdentityCards/0714.png,42014-0000714-4,success,0.7396
715,0715.png,IdentityCards/0715.png,,failed,0.4309
716,0716.png,IdentityCards/0716.png,42016-0000716-6,success,0.7314
717,0717.png,IdentityCards/0717.png,42017-0000717-7,success,0.7666
718,0718.png,IdentityCards/0718.png,42018-0000718-8,success,0.5868
719,0719.png,IdentityCards/0719.png,42019-0000719-9,success,0.5462
720,0720.png,IdentityCards/0720.png,42020-0000720-0,success,0.5905
721,0721.png,IdentityCards/0721.png,,failed,0.4862
722,0722.png,IdentityCards/0722.png,42022-0000722-2,success,0.7049
723,0723.png,IdentityCards/0723.png,42023-0000723-3,success,0.6629
724,0724.png,IdentityCards/0724.png,42024-0000724-4,success,0.7246
725,0725.png,IdentityCards/0725.png,,failed,0.2769
726,0726.png,IdentityCards/0726.png,42026-0000726-6,success,0.6832
727,0727.png,IdentityCards/0727.png,42027-0000721-7,success,0.7036
728,0728.png,IdentityCards/0728.png,42028-0000728-8,success,0.7272
729,0729.png,IdentityCards/0729.png,,failed,0.4508
730,0730.png,IdentityCards/0730.png,42030-0000730-0,success,0.8118
731,0731.png,IdentityCards/0731.png,42031-0000731-1,success,0.5582
732,0732.png,IdentityCards/0732.png,42032-0000732-2,success,0.6724
733,0733.png,IdentityCards/0733.png,42033-0000733-3,success,0.5522
734,0734.png,IdentityCards/0734.png,42034-0000734-4,success,0.8528
735,0735.png,IdentityCards/0735.png,42035-0000735-5,success,0.7665
736,0736.png,IdentityCards/0736.png,42036-0000736-6,success,0.8791
737,0737.png,IdentityCards/0737.png,42037-0000737-7,success,0.6403
738,0738.png,IdentityCards/0738.png,42038-0000738-8,success,0.8329
739,0739.png,IdentityCards/0739.png,42039-0000739-9,success,0.8496
740,0740.png,IdentityCards/0740.png,42040-0000740-0,success,0.5738
741,0741.png,IdentityCards/0741.png,,failed,0.4187
742,0742.png,IdentityCards/0742.png,42042-0000742-2,success,0.7741
743,0743.png,IdentityCards/0743.png,42043-0000743-3,success,0.5176
744,0744.png,IdentityCards/0744.png,42044-0000744-4,success,0.531
745,0745.png,IdentityCards/0745.png,42045-0000745-5,success,0.6413
746,0746.png,IdentityCards/0746.png,42046-0000746-6,success,0.8153
747,0747.png,IdentityCards/0747.png,42047-0000747-7,success,0.6775
748,0748.png,IdentityCards/0748.png,42048-0000748-8,success,0.6137
749,0749.png,IdentityCards/0749.png,42049-0000749-9,success,0.7507
750,0750.png,IdentityCards/0750.png,42050-0000750-0,success,0.7622
751,0751.png,IdentityCards/0751.png,42051-0000751-1,success,0.8873
752,0752.png,IdentityCards/0752.png,42052-0000752-2,success,0.6999
753,0753.png,IdentityCards/0753.png,42053-0000753-3,success,0.7878
754,0754.png,IdentityCards/0754.png,42054-0000754-4,success,0.7934
755,0755.png,IdentityCards/0755.png,42055-0000755-5,success,0.6109
756,0756.png,IdentityCards/0756.png,42056-0000756-6,success,0.8879
757,0757.png,IdentityCards/0757.png,42057-0000757-7,success,0.7421
758,0758.png,IdentityCards/0758.png,42058-0000758-8,success,0.7931
759,0759.png,IdentityCards/0759.png,42059-0000759-9,success,0.6604
760,0760.png,IdentityCards/0760.png,42080-0000760-0,success,0.5366
761,0761.png,IdentityCards/0761.png,42081-0000761-1,success,0.7705
762,0762.png,IdentityCards/0762.png,42062-0000762-2,success,0.8604
763,0763.png,IdentityCards/0763.png,42063-0000763-3,success,0.5719
764,0764.png,IdentityCards/0764.png,42064-0000764-4,success,0.6279
765,0765.png,IdentityCards/0765.png,42085-0000765-5,success,0.7401
766,0766.png,IdentityCards/0766.png,42086-0000766-6,success,0.894
767,0767.png,IdentityCards/0767.png,42067-0000767-7,success,0.6637
768,0768.png,IdentityCards/0768.png,42088-0000768-8,success,0.678
769,0769.png,IdentityCards/0769.png,,failed,0.4845
770,0770.png,IdentityCards/0770.png,42070-0000770-0,success,0.5783
771,0771.png,IdentityCards/0771.png,,failed,0.4635
772,0772.png,IdentityCards/0772.png,42072-0000772-2,success,0.5966
773,0773.png,IdentityCards/0773.png,42073-0000773-3,success,0.6712
774,0774.png,IdentityCards/0774.png,42074-0000771-4,success,0.558
775,0775.png,IdentityCards/0775.png,42075-0000775-5,success,0.6741
776,0776.png,IdentityCards/0776.png,42076-0000776-6,success,0.8658
777,0777.png,IdentityCards/0777.png,,failed,0.3028
778,0778.png,IdentityCards/0778.png,42078-0000778-8,success,0.6433
779,0779.png,IdentityCards/0779.png,,failed,0.4725
780,0780.png,IdentityCards/0780.png,42080-0000780-0,success,0.6404
781,0781.png,IdentityCards/0781.png,42081-0000781-1,success,0.7548
782,0782.png,IdentityCards/0782.png,42082-0000782-2,success,0.648
783,0783.png,IdentityCards/0783.png,42083-0000783-3,success,0.6699
784,0784.png,IdentityCards/0784.png,42084-0000784-4,success,0.7503
785,0785.png,IdentityCards/0785.png,42085-0000785-5,success,0.7418
786,0786.png,IdentityCards/0786.png,42086-0000786-6,success,0.877
787,0787.png,IdentityCards/0787.png,42087-0000787-7,success,0.7456
788,0788.png,IdentityCards/0788.png,42088-0000788-8,success,0.7027
789,0789.png,IdentityCards/0789.png,42089-0000789-9,success,0.5892
790,0790.png,IdentityCards/0790.png,42090-0000790-0,success,0.5584
791,0791.png,IdentityCards/0791.png,42091-0000791-1,success,0.8233
792,0792.png,IdentityCards/0792.png,,failed,0.4689
793,0793.png,IdentityCards/0793.png,,failed,0.4454
794,0794.png,IdentityCards/0794.png,42094-0000794-4,success,0.6187
795,0795.png,IdentityCards/0795.png,42095-0000795-5,success,0.643
796,0796.png,IdentityCards/0796.png,42096-0000796-6,success,0.8188
797,0797.png,IdentityCards/0797.png,42097-0000797-7,success,0.7724
798,0798.png,IdentityCards/0798.png,42098-0000798-8,success,0.7557
799,0799.png,IdentityCards/0799.png,42099-0000799-9,success,0.6123
800,0800.png,IdentityCards/0800.png,,failed,0.242
801,0801.png,IdentityCards/0801.png,42601-0000801-1,success,0.6082
802,0802.png,IdentityCards/0802.png,,failed,0.3914
803,0803.png,IdentityCards/0803.png,,failed,0
804,0804.png,IdentityCards/0804.png,,failed,0.3851
805,0805.png,IdentityCards/0805.png,42605-0000805-5,success,0.6441
806,0806.png,IdentityCards/0806.png,42606-0000806-6,success,0.5931
807,0807.png,IdentityCards/0807.png,42607-0000807-7,success,0.6181
808,0808.png,IdentityCards/0808.png,,failed,0
809,0809.png,IdentityCards/0809.png,,failed,0.4457
810,0810.png,IdentityCards/0810.png,42010-0000810-0,success,0.6158
811,0811.png,IdentityCards/0811.png,42011-0000811-1,success,0.6129
812,0812.png,IdentityCards/0812.png,42012-0000812-2,success,0.6372
813,0813.png,IdentityCards/0813.png,42013-0000813-3,success,0.6698
814,0814.png,IdentityCards/0814.png,42014-0000814-4,success,0.7445
815,0815.png,IdentityCards/0815.png,42015-0000815-5,success,0.743
816,0816.png,IdentityCards/0816.png,42016-0000816-6,success,0.9086
817,0817.png,IdentityCards/0817.png,42017-0000817-7,success,0.7527
818,0818.png,IdentityCards/0818.png,42018-0000818-8,success,0.5203
819,0819.png,IdentityCards/0819.png,42019-0000819-9,success,0.9155
820,0820.png,IdentityCards/0820.png,42020-0000820-0,success,0.6262
821,0821.png,IdentityCards/0821.png,,failed,0
822,0822.png,IdentityCards/0822.png,42022-0000822-2,success,0.5723
823,0823.png,IdentityCards/0823.png,42023-0000823-3,success,0.6601
824,0824.png,IdentityCards/0824.png,42024-0000824-4,success,0.7917
825,0825.png,IdentityCards/0825.png,,failed,0.4805
826,0826.png,IdentityCards/0826.png,,failed,0
827,0827.png,IdentityCards/0827.png,42027-0000827-7,success,0.5354
828,0828.png,IdentityCards/0828.png,42028-0000828-8,success,0.8236
829,0829.png,IdentityCards/0829.png,,failed,0.4798
830,0830.png,IdentityCards/0830.png,42030-0000830-0,success,0.6805
831,0831.png,IdentityCards/0831.png,42031-0000831-1,success,0.6108
832,0832.png,IdentityCards/0832.png,42032-0000832-2,success,0.6463
833,0833.png,IdentityCards/0833.png,42033-0000833-3,success,0.6117
834,0834.png,IdentityCards/0834.png,42034-0000834-4,success,0.6965
835,0835.png,IdentityCards/0835.png,42035-0000825-5,success,0.5767
836,0836.png,IdentityCards/0836.png,42036-0000836-6,success,0.7288
837,0837.png,IdentityCards/0837.png,42037-0000837-7,success,0.7588
838,0838.png,IdentityCards/0838.png,42038-0000838-8,success,0.6742
839,0839.png,IdentityCards/0839.png,42039-0000839-9,success,0.6952
840,0840.png,IdentityCards/0840.png,42040-0000840-0,success,0.5129
841,0841.png,IdentityCards/0841.png,,failed,0.3617
842,0842.png,IdentityCards/0842.png,42042-0000842-2,success,0.7347
843,0843.png,IdentityCards/0843.png,42043-0000843-3,success,0.5056
844,0844.png,IdentityCards/0844.png,,failed,0.4988
845,0845.png,IdentityCards/0845.png,42045-0000845-5,success,0.7105
846,0846.png,IdentityCards/0846.png,42046-0000846-6,success,0.8924
847,0847.png,IdentityCards/0847.png,42047-0000847-7,success,0.6042
848,0848.png,IdentityCards/0848.png,,failed,0.449
849,0849.png,IdentityCards/0849.png,42049-0000849-9,success,0.7927
850,0850.png,IdentityCards/0850.png,,failed,0
851,0851.png,IdentityCards/0851.png,42051-0000851-1,success,0.9305
852,0852.png,IdentityCards/0852.png,42052-0000852-2,success,0.8212
853,0853.png,IdentityCards/0853.png,,failed,0
854,0854.png,IdentityCards/0854.png,42054-0000854-4,success,0.8647
855,0855.png,IdentityCards/0855.png,42055-0000855-5,success,0.6304
856,0856.png,IdentityCards/0856.png,42056-0000856-6,success,0.6082
857,0857.png,IdentityCards/0857.png,42057-0000857-7,success,0.672
858,0858.png,IdentityCards/0858.png,,failed,0
859,0859.png,IdentityCards/0859.png,42059-0000859-9,success,0.7887
860,0860.png,IdentityCards/0860.png,,failed,0
861,0861.png,IdentityCards/0861.png,42081-0000861-1,success,0.8538
862,0862.png,IdentityCards/0862.png,42062-0000862-2,success,0.6788
863,0863.png,IdentityCards/0863.png,42063-0000863-3,success,0.6457
864,0864.png,IdentityCards/0864.png,42084-0000864-4,success,0.6112
865,0865.png,IdentityCards/0865.png,42085-0000865-5,success,0.7536
866,0866.png,IdentityCards/0866.png,42086-0000866-6,success,0.6636
867,0867.png,IdentityCards/0867.png,42067-0000867-7,success,0.8091
868,0868.png,IdentityCards/0868.png,42088-0000868-8,success,0.5956
869,0869.png,IdentityCards/0869.png,,failed,0.4041
870,0870.png,IdentityCards/0870.png,42070-0000870-0,success,0.8307
871,0871.png,IdentityCards/0871.png,42071-0000871-1,success,0.6322
872,0872.png,IdentityCards/0872.png,42072-0000872-2,success,0.8075
873,0873.png,IdentityCards/0873.png,42073-0000873-3,success,0.5333
874,0874.png,IdentityCards/0874.png,42074-0000874-4,success,0.8881
875,0875.png,IdentityCards/0875.png,,failed,0.3607
876,0876.png,IdentityCards/0876.png,42076-0000876-6,success,0.9069
877,0877.png,IdentityCards/0877.png,42077-0000877-7,success,0.7101
878,0878.png,IdentityCards/0878.png,42078-0000878-8,success,0.693
879,0879.png,IdentityCards/0879.png,42079-0000879-9,success,0.5512
880,0880.png,IdentityCards/0880.png,,failed,0
881,0881.png,IdentityCards/0881.png,,failed,0
882,0882.png,IdentityCards/0882.png,42082-0000882-2,success,0.5132
883,0883.png,IdentityCards/0883.png,42083-0000883-3,success,0.7998
884,0884.png,IdentityCards/0884.png,,failed,0
885,0885.png,IdentityCards/0885.png,,failed,0
886,0886.png,IdentityCards/0886.png,42086-0000886-6,success,0.9307
887,0887.png,IdentityCards/0887.png,42087-0000887-7,success,0.8212
888,0888.png,IdentityCards/0888.png,,failed,0
889,0889.png,IdentityCards/0889.png,,failed,0
890,0890.png,IdentityCards/0890.png,,failed,0
891,0891.png,IdentityCards/0891.png,42091-0000891-1,success,0.5736
892,0892.png,IdentityCards/0892.png,,failed,0.4356
893,0893.png,IdentityCards/0893.png,42093-0000893-3,success,0.6425
894,0894.png,IdentityCards/0894.png,42094-0000894-4,success,0.826
895,0895.png,IdentityCards/0895.png,42095-0000895-5,success,0.7064
896,0896.png,IdentityCards/0896.png,42096-0000896-6,success,0.9212
897,0897.png,IdentityCards/0897.png,42097-0000897-7,success,0.7271
898,0898.png,IdentityCards/0898.png,,failed,0.4365
899,0899.png,IdentityCards/0899.png,,failed,0.2852
900,0900.png,IdentityCards/0900.png,,failed,0
901,0901.png,IdentityCards/0901.png,42601-0000901-1,success,0.669
902,0902.png,IdentityCards/0902.png,42002-0000902-2,success,0.5292
903,0903.png,IdentityCards/0903.png,42003-0000903-3,success,0.5395
904,0904.png,IdentityCards/0904.png,,failed,0.3933
905,0905.png,IdentityCards/0905.png,,failed,0.401
906,0906.png,IdentityCards/0906.png,42606-0000906-6,success,0.6687
907,0907.png,IdentityCards/0907.png,42607-0000907-7,success,0.5149
908,0908.png,IdentityCards/0908.png,,failed,0.3273
909,0909.png,IdentityCards/0909.png,42009-0000909-9,success,0.6491
910,0910.png,IdentityCards/0910.png,,failed,0
911,0911.png,IdentityCards/0911.png,42011-0000911-1,success,0.6559
912,0912.png,IdentityCards/0912.png,42012-0000912-2,success,0.7594
913,0913.png,IdentityCards/0913.png,,failed,0.4715
914,0914.png,IdentityCards/0914.png,42014-0000914-4,success,0.7076
915,0915.png,IdentityCards/0915.png,42015-0000915-5,success,0.8971
916,0916.png,IdentityCards/0916.png,42016-0000916-6,success,0.8797
917,0917.png,IdentityCards/0917.png,42017-0000917-7,success,0.8073
918,0918.png,IdentityCards/0918.png,,failed,0.3945
919,0919.png,IdentityCards/0919.png,42019-0000919-9,success,0.8496
920,0920.png,IdentityCards/0920.png,,failed,0.3841
921,0921.png,IdentityCards/0921.png,42021-0000921-1,success,0.665
922,0922.png,IdentityCards/0922.png,42022-0000922-2,success,0.7774
923,0923.png,IdentityCards/0923.png,42023-0000923-3,success,0.6702
924,0924.png,IdentityCards/0924.png,42024-0000924-4,success,0.7736
925,0925.png,IdentityCards/0925.png,42025-0000925-5,success,0.537
926,0926.png,IdentityCards/0926.png,42026-0000926-6,success,0.7208
927,0927.png,IdentityCards/0927.png,,failed,0.4649
928,0928.png,IdentityCards/0928.png,42028-0000928-8,success,0.7902
929,0929.png,IdentityCards/0929.png,42029-0000929-9,success,0.6874
930,0930.png,IdentityCards/0930.png,42030-0000930-0,success,0.8158
931,0931.png,IdentityCards/0931.png,42031-0000931-1,success,0.7369
932,0932.png,IdentityCards/0932.png,42032-0000932-2,success,0.6046
933,0933.png,IdentityCards/0933.png,42033-0000933-3,success,0.6991
934,0934.png,IdentityCards/0934.png,42034-0000934-4,success,0.8034
935,0935.png,IdentityCards/0935.png,42035-0000925-5,success,0.6635
936,0936.png,IdentityCards/0936.png,42036-0000936-6,success,0.756
937,0937.png,IdentityCards/0937.png,42037-0000937-7,success,0.5812
938,0938.png,IdentityCards/0938.png,42038-0000938-8,success,0.7944
939,0939.png,IdentityCards/0939.png,42039-0000939-9,success,0.5937
940,0940.png,IdentityCards/0940.png,42040-0000940-0,success,0.7542
941,0941.png,IdentityCards/0941.png,42041-0000941-1,success,0.6048
942,0942.png,IdentityCards/0942.png,42042-0000942-2,success,0.7982
943,0943.png,IdentityCards/0943.png,42043-0000943-3,success,0.6776
944,0944.png,IdentityCards/0944.png,42044-0000944-4,success,0.7254
945,0945.png,IdentityCards/0945.png,42045-0000945-5,success,0.7684
946,0946.png,IdentityCards/0946.png,42046-0000946-6,success,0.8786
947,0947.png,IdentityCards/0947.png,42047-0000947-7,success,0.7877
948,0948.png,IdentityCards/0948.png,42048-0000948-8,success,0.708
949,0949.png,IdentityCards/0949.png,42049-0000949-9,success,0.7126
950,0950.png,IdentityCards/0950.png,42050-0000950-0,success,0.629
951,0951.png,IdentityCards/0951.png,42051-0000951-1,success,0.9064
952,0952.png,IdentityCards/0952.png,42052-0000952-2,success,0.5943
953,0953.png,IdentityCards/0953.png,42053-0000953-3,success,0.6961
954,0954.png,IdentityCards/0954.png,42054-0000954-4,success,0.7097
955,0955.png,IdentityCards/0955.png,42055-0000955-5,success,0.6953
956,0956.png,IdentityCards/0956.png,42056-0000956-6,success,0.9486
957,0957.png,IdentityCards/0957.png,42057-0000957-7,success,0.8871
958,0958.png,IdentityCards/0958.png,42058-0000958-8,success,0.7116
959,0959.png,IdentityCards/0959.png,42059-0000959-9,success,0.7205
960,0960.png,IdentityCards/0960.png,42080-0000960-0,success,0.6617
961,0961.png,IdentityCards/0961.png,42081-0000961-1,success,0.8523
962,0962.png,IdentityCards/0962.png,42062-0000962-2,success,0.6741
963,0963.png,IdentityCards/0963.png,42063-0000963-3,success,0.772
964,0964.png,IdentityCards/0964.png,42064-0000964-4,success,0.5732
965,0965.png,IdentityCards/0965.png,42085-0000965-5,success,0.5438
966,0966.png,IdentityCards/0966.png,42086-0000966-6,success,0.9432
967,0967.png,IdentityCards/0967.png,42067-0000967-7,success,0.6661
968,0968.png,IdentityCards/0968.png,42088-0000968-8,success,0.7655
969,0969.png,IdentityCards/0969.png,,failed,0.4638
970,0970.png,IdentityCards/0970.png,42070-0000970-0,success,0.536
971,0971.png,IdentityCards/0971.png,42071-0000971-1,success,0.7101
972,0972.png,IdentityCards/0972.png,42072-0000972-2,success,0.5912
973,0973.png,IdentityCards/0973.png,42073-0000973-3,success,0.6482
974,0974.png,IdentityCards/0974.png,42074-0000974-4,success,0.8158
975,0975.png,IdentityCards/0975.png,42075-0000975-5,success,0.5403
976,0976.png,IdentityCards/0976.png,42076-0000976-6,success,0.8719
977,0977.png,IdentityCards/0977.png,42077-0000977-7,success,0.6754
978,0978.png,IdentityCards/0978.png,42078-0000978-8,success,0.5673
979,0979.png,IdentityCards/0979.png,42079-0000979-9,success,0.8598
980,0980.png,IdentityCards/0980.png,,failed,0.496
981,0981.png,IdentityCards/0981.png,42081-0000981-1,success,0.5875
982,0982.png,IdentityCards/0982.png,42082-0000982-2,success,0.5775
983,0983.png,IdentityCards/0983.png,42083-0000983-3,success,0.7277
984,0984.png,IdentityCards/0984.png,42084-0000984-4,success,0.782
985,0985.png,IdentityCards/0985.png,,failed,0.4092
986,0986.png,IdentityCards/0986.png,42086-0000986-6,success,0.931
987,0987.png,IdentityCards/0987.png,42087-0000987-7,success,0.8141
988,0988.png,IdentityCards/0988.png,42088-0000988-8,success,0.7441
989,0989.png,IdentityCards/0989.png,42089-0000989-9,success,0.641
990,0990.png,IdentityCards/0990.png,42090-0000990-0,success,0.6533
991,0991.png,IdentityCards/0991.png,42091-0000991-1,success,0.6886
992,0992.png,IdentityCards/0992.png,42082-0000992-2,success,0.6128
993,0993.png,IdentityCards/0993.png,42093-0000993-3,success,0.7521
994,0994.png,IdentityCards/0994.png,42094-0000994-4,success,0.538
995,0995.png,IdentityCards/0995.png,,failed,0.4153
996,0996.png,IdentityCards/0996.png,42096-0000996-6,success,0.8967
997,0997.png,IdentityCards/0997.png,42097-0000997-7,success,0.7047
998,0998.png,IdentityCards/0998.png,42098-0000998-8,success,0.7293
999,0999.png,IdentityCards/0999.png,,failed,0.4433
1000,1000.png,IdentityCards/1000.png,,failed,0
1001,1001.png,IdentityCards/1001.png,,failed,0.4702
1002,1002.png,IdentityCards/1002.png,,failed,0.4165
1003,1003.png,IdentityCards/1003.png,,failed,0
1004,1004.png,IdentityCards/1004.png,42004-0001004-4,success,0.5743
1005,1005.png,IdentityCards/1005.png,42605-0001005-5,success,0.7087
1006,1006.png,IdentityCards/1006.png,42606-0001006-6,success,0.6213
1007,1007.png,IdentityCards/1007.png,42607-0001007-7,success,0.5686
1008,1008.png,IdentityCards/1008.png,,failed,0
1009,1009.png,IdentityCards/1009.png,42009-0001009-9,success,0.7578
1010,1010.png,IdentityCards/1010.png,42010-0001010-0,success,0.7687
1011,1011.png,IdentityCards/1011.png,42011-0001011-1,success,0.8871
1012,1012.png,IdentityCards/1012.png,42012-0001012-2,success,0.7829
1013,1013.png,IdentityCards/1013.png,,failed,0
1014,1014.png,IdentityCards/1014.png,42014-0001014-4,success,0.8349
1015,1015.png,IdentityCards/1015.png,42015-0001015-5,success,0.7721
1016,1016.png,IdentityCards/1016.png,42016-0001016-6,success,0.9052
1017,1017.png,IdentityCards/1017.png,42017-0001017-7,success,0.7017
1018,1018.png,IdentityCards/1018.png,,failed,0
1019,1019.png,IdentityCards/1019.png,42019-0001019-9,success,0.8567
1020,1020.png,IdentityCards/1020.png,42020-0001020-0,success,0.6453
1021,1021.png,IdentityCards/1021.png,42021-0001021-1,success,0.8279
1022,1022.png,IdentityCards/1022.png,42022-0001022-2,success,0.5602
1023,1023.png,IdentityCards/1023.png,42023-0001023-3,success,0.747
1024,1024.png,IdentityCards/1024.png,42024-0001024-4,success,0.798
1025,1025.png,IdentityCards/1025.png,42025-0001025-5,success,0.7737
1026,1026.png,IdentityCards/1026.png,42026-0001026-6,success,0.5894
1027,1027.png,IdentityCards/1027.png,42027-0001021-7,success,0.6309
1028,1028.png,IdentityCards/1028.png,42028-0001028-8,success,0.7248
1029,1029.png,IdentityCards/1029.png,42029-0001029-9,success,0.5682
1030,1030.png,IdentityCards/1030.png,42030-0001030-0,success,0.6444
1031,1031.png,IdentityCards/1031.png,42031-0001031-1,success,0.855
1032,1032.png,IdentityCards/1032.png,42032-0001032-2,success,0.8535
1033,1033.png,IdentityCards/1033.png,,failed,0.4965
1034,1034.png,IdentityCards/1034.png,42034-0001034-4,success,0.8304
1035,1035.png,IdentityCards/1035.png,,failed,0.4788
1036,1036.png,IdentityCards/1036.png,42036-0001036-6,success,0.9069
1037,1037.png,IdentityCards/1037.png,42037-0001037-7,success,0.5951
1038,1038.png,IdentityCards/1038.png,42038-0001038-8,success,0.7232
1039,1039.png,IdentityCards/1039.png,42039-0001039-9,success,0.6716
1040,1040.png,IdentityCards/1040.png,42040-0001040-0,success,0.7232
1041,1041.png,IdentityCards/1041.png,42041-0001041-1,success,0.6707
1042,1042.png,IdentityCards/1042.png,42042-0001042-2,success,0.8397
1043,1043.png,IdentityCards/1043.png,42043-0001043-3,success,0.8309
1044,1044.png,IdentityCards/1044.png,42044-0001044-4,success,0.6511
1045,1045.png,IdentityCards/1045.png,,failed,0.4068
1046,1046.png,IdentityCards/1046.png,42046-0001046-6,success,0.9473
1047,1047.png,IdentityCards/1047.png,42047-0001047-7,success,0.8552
1048,1048.png,IdentityCards/1048.png,,failed,0
1049,1049.png,IdentityCards/1049.png,42049-0001049-9,success,0.751
1050,1050.png,IdentityCards/1050.png,,failed,0
1051,1051.png,IdentityCards/1051.png,42051-0001051-1,success,0.8904
1052,1052.png,IdentityCards/1052.png,42052-0001052-2,success,0.9039
1053,1053.png,IdentityCards/1053.png,42053-0001053-3,success,0.8697
1054,1054.png,IdentityCards/1054.png,42054-0001054-4,success,0.8694
1055,1055.png,IdentityCards/1055.png,42055-0001055-5,success,0.8624
1056,1056.png,IdentityCards/1056.png,42056-0001056-6,success,0.9481
1057,1057.png,IdentityCards/1057.png,42057-0001057-7,success,0.8539
1058,1058.png,IdentityCards/1058.png,,failed,0
1059,1059.png,IdentityCards/1059.png,42059-0001059-9,success,0.6128
1060,1060.png,IdentityCards/1060.png,42080-0001060-0,success,0.5246
1061,1061.png,IdentityCards/1061.png,42081-0001061-1,success,0.6495
1062,1062.png,IdentityCards/1062.png,42062-0001062-2,success,0.8248
1063,1063.png,IdentityCards/1063.png,42063-0001063-3,success,0.7085
1064,1064.png,IdentityCards/1064.png,,failed,0
1065,1065.png,IdentityCards/1065.png,,failed,0.4498
1066,1066.png,IdentityCards/1066.png,42086-0001066-6,success,0.8711
1067,1067.png,IdentityCards/1067.png,42067-0001067-7,success,0.5839
1068,1068.png,IdentityCards/1068.png,42088-0001068-8,success,0.6062
1069,1069.png,IdentityCards/1069.png,,failed,0.4548
1070,1070.png,IdentityCards/1070.png,42070-0001070-0,success,0.8995
1071,1071.png,IdentityCards/1071.png,42071-0001071-1,success,0.885
1072,1072.png,IdentityCards/1072.png,42072-0001072-2,success,0.8598
1073,1073.png,IdentityCards/1073.png,42073-0001073-3,success,0.8292
1074,1074.png,IdentityCards/1074.png,42074-0001074-4,success,0.8764
1075,1075.png,IdentityCards/1075.png,42075-0001075-5,success,0.9138
1076,1076.png,IdentityCards/1076.png,42076-0001076-6,success,0.9273
1077,1077.png,IdentityCards/1077.png,42077-0001077-1,success,0.5215
1078,1078.png,IdentityCards/1078.png,42078-0001078-8,success,0.8219
1079,1079.png,IdentityCards/1079.png,42079-0001079-9,success,0.8769
1080,1080.png,IdentityCards/1080.png,,failed,0
1081,1081.png,IdentityCards/1081.png,,failed,0
1082,1082.png,IdentityCards/1082.png,42082-0001082-2,success,0.8883
1083,1083.png,IdentityCards/1083.png,,failed,0
1084,1084.png,IdentityCards/1084.png,42084-0001084-4,success,0.8044
1085,1085.png,IdentityCards/1085.png,42085-0001085-5,success,0.6039
1086,1086.png,IdentityCards/1086.png,42086-0001086-6,success,0.9498
1087,1087.png,IdentityCards/1087.png,42087-0001087-7,success,0.6491
1088,1088.png,IdentityCards/1088.png,42088-0001088-8,success,0.6899
1089,1089.png,IdentityCards/1089.png,42089-0001089-9,success,0.5516
1090,1090.png,IdentityCards/1090.png,,failed,0
1091,1091.png,IdentityCards/1091.png,42091-0001091-1,success,0.6421
1092,1092.png,IdentityCards/1092.png,,failed,0.4646
1093,1093.png,IdentityCards/1093.png,42093-0001093-3,success,0.7446
1094,1094.png,IdentityCards/1094.png,42094-0001094-4,success,0.7246
1095,1095.png,IdentityCards/1095.png,42095-0001095-5,success,0.639
1096,1096.png,IdentityCards/1096.png,42096-0001096-6,success,0.8871
1097,1097.png,IdentityCards/1097.png,,failed,0.4244
1098,1098.png,IdentityCards/1098.png,42098-0001098-8,success,0.6447
1099,1099.png,IdentityCards/1099.png,42039-0001089-9,success,0.5163
1100,1100.png,IdentityCards/1100.png,,failed,0.3683
1101,1101.png,IdentityCards/1101.png,42601-0001101-1,success,0.7086
1102,1102.png,IdentityCards/1102.png,42002-0001102-2,success,0.5768
1103,1103.png,IdentityCards/1103.png,42603-0001103-3,success,0.5138
1104,1104.png,IdentityCards/1104.png,42004-0001104-4,success,0.5768
1105,1105.png,IdentityCards/1105.png,42605-0001105-5,success,0.7463
1106,1106.png,IdentityCards/1106.png,42606-0001106-6,success,0.7276
1107,1107.png,IdentityCards/1107.png,42607-0001107-7,success,0.7025
1108,1108.png,IdentityCards/1108.png,42608-0001108-8,success,0.5011
1109,1109.png,IdentityCards/1109.png,,failed,0.4662
1110,1110.png,IdentityCards/1110.png,42010-0001110-0,success,0.5703
1111,1111.png,IdentityCards/1111.png,42011-0001111-1,success,0.689
1112,1112.png,IdentityCards/1112.png,42012-0001112-2,success,0.7501
1113,1113.png,IdentityCards/1113.png,,failed,0.3486
1114,1114.png,IdentityCards/1114.png,,failed,0
1115,1115.png,IdentityCards/1115.png,42015-0001115-5,success,0.8285
1116,1116.png,IdentityCards/1116.png,42016-0001116-6,success,0.8885
1117,1117.png,IdentityCards/1117.png,42017-0001117-7,success,0.6142
1118,1118.png,IdentityCards/1118.png,42018-0001118-8,success,0.5067
1119,1119.png,IdentityCards/1119.png,42019-0001119-9,success,0.7774
1120,1120.png,IdentityCards/1120.png,42020-0001120-0,success,0.6393
1121,1121.png,IdentityCards/1121.png,42021-0001121-1,success,0.6979
1122,1122.png,IdentityCards/1122.png,42022-0001122-2,success,0.7829
1123,1123.png,IdentityCards/1123.png,42023-0001123-3,success,0.6972
1124,1124.png,IdentityCards/1124.png,42024-0001124-4,success,0.5076
1125,1125.png,IdentityCards/1125.png,42025-0001125-5,success,0.6145
1126,1126.png,IdentityCards/1126.png,,failed,0
1127,1127.png,IdentityCards/1127.png,,failed,0.3571
1128,1128.png,IdentityCards/1128.png,42028-0001128-8,success,0.6455
1129,1129.png,IdentityCards/1129.png,42029-0001129-9,success,0.8146
1130,1130.png,IdentityCards/1130.png,42030-0001130-0,success,0.8615
1131,1131.png,IdentityCards/1131.png,42031-0001131-1,success,0.8083
1132,1132.png,IdentityCards/1132.png,42032-0001132-2,success,0.7997
1133,1133.png,IdentityCards/1133.png,42033-0001133-3,success,0.5331
1134,1134.png,IdentityCards/1134.png,42034-0001134-4,success,0.6794
1135,1135.png,IdentityCards/1135.png,42035-0001135-5,success,0.5577
1136,1136.png,IdentityCards/1136.png,42036-0001136-6,success,0.9354
1137,1137.png,IdentityCards/1137.png,42037-0001137-7,success,0.8562
1138,1138.png,IdentityCards/1138.png,42038-0001138-8,success,0.7129
1139,1139.png,IdentityCards/1139.png,42039-0001139-9,success,0.978
1140,1140.png,IdentityCards/1140.png,42040-0001140-0,success,0.7799
1141,1141.png,IdentityCards/1141.png,42041-0001141-1,success,0.8144
1142,1142.png,IdentityCards/1142.png,42042-0001142-2,success,0.8701
1143,1143.png,IdentityCards/1143.png,42043-0001143-3,success,0.8437
1144,1144.png,IdentityCards/1144.png,42044-0001144-4,success,0.7004
1145,1145.png,IdentityCards/1145.png,42045-0001145-5,success,0.6966
1146,1146.png,IdentityCards/1146.png,42046-0001146-6,success,0.9144
1147,1147.png,IdentityCards/1147.png,42047-0001147-7,success,0.8538
1148,1148.png,IdentityCards/1148.png,42048-0001148-8,success,0.6762
1149,1149.png,IdentityCards/1149.png,42049-0001149-9,success,0.8927
1150,1150.png,IdentityCards/1150.png,42050-0001150-0,success,0.8969
1151,1151.png,IdentityCards/1151.png,42051-0001151-1,success,0.9173
1152,1152.png,IdentityCards/1152.png,42052-0001152-2,success,0.8905
1153,1153.png,IdentityCards/1153.png,42053-0001153-3,success,0.5991
1154,1154.png,IdentityCards/1154.png,42054-0001154-4,success,0.7332
1155,1155.png,IdentityCards/1155.png,42055-0001155-5,success,0.7502
1156,1156.png,IdentityCards/1156.png,42056-0001156-6,success,0.9385
1157,1157.png,IdentityCards/1157.png,42057-0001157-7,success,0.8624
1158,1158.png,IdentityCards/1158.png,42058-0001158-8,success,0.7532
1159,1159.png,IdentityCards/1159.png,42059-0001159-9,success,0.7015
1160,1160.png,IdentityCards/1160.png,42080-0001160-0,success,0.7353
1161,1161.png,IdentityCards/1161.png,42081-0001161-1,success,0.7284
1162,1162.png,IdentityCards/1162.png,42062-0001162-2,success,0.8198
1163,1163.png,IdentityCards/1163.png,42063-0001163-3,success,0.6054
1164,1164.png,IdentityCards/1164.png,42064-0001164-4,success,0.5708
1165,1165.png,IdentityCards/1165.png,42085-0001165-5,success,0.6425
1166,1166.png,IdentityCards/1166.png,42086-0001166-6,success,0.9493
1167,1167.png,IdentityCards/1167.png,42067-0001167-7,success,0.5558
1168,1168.png,IdentityCards/1168.png,42088-0001168-8,success,0.6586
1169,1169.png,IdentityCards/1169.png,42069-0001169-9,success,0.6495
1170,1170.png,IdentityCards/1170.png,42070-0001170-0,success,0.693
1171,1171.png,IdentityCards/1171.png,42071-0001171-1,success,0.9516
1172,1172.png,IdentityCards/1172.png,42072-0001172-2,success,0.7523
1173,1173.png,IdentityCards/1173.png,42073-0001173-3,success,0.556
1174,1174.png,IdentityCards/1174.png,42074-0001174-4,success,0.7932
1175,1175.png,IdentityCards/1175.png,42075-0001175-5,success,0.8014
1176,1176.png,IdentityCards/1176.png,42076-0001176-6,success,0.9013
1177,1177.png,IdentityCards/1177.png,,failed,0.3772
1178,1178.png,IdentityCards/1178.png,42078-0001178-8,success,0.673
1179,1179.png,IdentityCards/1179.png,42079-0001179-9,success,0.7669
1180,1180.png,IdentityCards/1180.png,,failed,0
1181,1181.png,IdentityCards/1181.png,42081-0001181-1,success,0.6519
1182,1182.png,IdentityCards/1182.png,42082-0001182-2,success,0.8423
1183,1183.png,IdentityCards/1183.png,42083-0001183-3,success,0.5331
1184,1184.png,IdentityCards/1184.png,42084-0001184-4,success,0.8219
1185,1185.png,IdentityCards/1185.png,42085-0001185-5,success,0.7825
1186,1186.png,IdentityCards/1186.png,42086-0001186-6,success,0.8914
1187,1187.png,IdentityCards/1187.png,42087-0001187-7,success,0.5722
1188,1188.png,IdentityCards/1188.png,42088-0001188-8,success,0.6799
1189,1189.png,IdentityCards/1189.png,42089-0001189-9,success,0.9024
1190,1190.png,IdentityCards/1190.png,42090-0001190-0,success,0.8015
1191,1191.png,IdentityCards/1191.png,42091-0001191-1,success,0.9558
1192,1192.png,IdentityCards/1192.png,42082-0001192-2,success,0.5448
1193,1193.png,IdentityCards/1193.png,,failed,0.4269
1194,1194.png,IdentityCards/1194.png,42094-0001194-4,success,0.6658
1195,1195.png,IdentityCards/1195.png,,failed,0.4798
1196,1196.png,IdentityCards/1196.png,42096-0001196-6,success,0.7975
1197,1197.png,IdentityCards/1197.png,42097-0001157-7,success,0.8078
1198,1198.png,IdentityCards/1198.png,42098-0001198-8,success,0.722
1199,1199.png,IdentityCards/1199.png,42039-0001199-9,success,0.6096
1200,1200.png,IdentityCards/1200.png,,failed,0.3564
1201,1201.png,IdentityCards/1201.png,42601-0001201-1,success,0.6987
1202,1202.png,IdentityCards/1202.png,,failed,0.4505
1203,1203.png,IdentityCards/1203.png,42003-0001203-3,success,0.6273
1204,1204.png,IdentityCards/1204.png,,failed,0.4146
1205,1205.png,IdentityCards/1205.png,42605-0001205-5,success,0.5022
1206,1206.png,IdentityCards/1206.png,42606-0001206-6,success,0.6841
1207,1207.png,IdentityCards/1207.png,42607-0001207-7,success,0.6933
1208,1208.png,IdentityCards/1208.png,42008-0001208-8,success,0.5703
1209,1209.png,IdentityCards/1209.png,,failed,0.4647
1210,1210.png,IdentityCards/1210.png,42010-0001210-0,success,0.7487
1211,1211.png,IdentityCards/1211.png,42011-0001211-1,success,0.7436
1212,1212.png,IdentityCards/1212.png,42012-0001212-2,success,0.6632
1213,1213.png,IdentityCards/1213.png,42013-0001213-3,success,0.7847
1214,1214.png,IdentityCards/1214.png,42014-0001214-4,success,0.5927
1215,1215.png,IdentityCards/1215.png,42015-0001215-5,success,0.7857
1216,1216.png,IdentityCards/1216.png,42016-0001216-6,success,0.946
1217,1217.png,IdentityCards/1217.png,42017-0001217-7,success,0.8839
1218,1218.png,IdentityCards/1218.png,42018-0001218-8,success,0.5327
1219,1219.png,IdentityCards/1219.png,42019-0001219-9,success,0.6446
1220,1220.png,IdentityCards/1220.png,42020-0001220-0,success,0.6892
1221,1221.png,IdentityCards/1221.png,42021-0001221-1,success,0.708
1222,1222.png,IdentityCards/1222.png,42022-0001222-2,success,0.6392
1223,1223.png,IdentityCards/1223.png,42023-0001223-3,success,0.5996
1224,1224.png,IdentityCards/1224.png,42024-0001224-4,success,0.624
1225,1225.png,IdentityCards/1225.png,42025-0001225-5,success,0.5181
1226,1226.png,IdentityCards/1226.png,,failed,0
1227,1227.png,IdentityCards/1227.png,42027-0001221-7,success,0.5015
1228,1228.png,IdentityCards/1228.png,42028-0001228-8,success,0.8199
1229,1229.png,IdentityCards/1229.png,42029-0001229-9,success,0.8717
1230,1230.png,IdentityCards/1230.png,42030-0001230-0,success,0.7553
1231,1231.png,IdentityCards/1231.png,42031-0001231-1,success,0.8153
1232,1232.png,IdentityCards/1232.png,42032-0001232-2,success,0.6263
1233,1233.png,IdentityCards/1233.png,42033-0001233-3,success,0.6512
1234,1234.png,IdentityCards/1234.png,42034-0001234-4,success,0.649
1235,1235.png,IdentityCards/1235.png,42035-0001225-5,success,0.9112
1236,1236.png,IdentityCards/1236.png,42036-0001236-6,success,0.6825
1237,1237.png,IdentityCards/1237.png,42037-0001237-7,success,0.6253
1238,1238.png,IdentityCards/1238.png,42038-0001238-8,success,0.7138
1239,1239.png,IdentityCards/1239.png,42039-0001239-9,success,0.9259
1240,1240.png,IdentityCards/1240.png,42040-0001240-0,success,0.7578
1241,1241.png,IdentityCards/1241.png,42041-0001241-1,success,0.8918
1242,1242.png,IdentityCards/1242.png,42042-0001242-2,success,0.9213
1243,1243.png,IdentityCards/1243.png,42043-0001243-3,success,0.6162
1244,1244.png,IdentityCards/1244.png,42044-0001244-4,success,0.5195
1245,1245.png,IdentityCards/1245.png,42045-0001245-5,success,0.8852
1246,1246.png,IdentityCards/1246.png,42046-0001246-6,success,0.9251
1247,1247.png,IdentityCards/1247.png,42047-0001247-7,success,0.6272
1248,1248.png,IdentityCards/1248.png,42043-0001248-8,success,0.5636
1249,1249.png,IdentityCards/1249.png,42049-0001249-9,success,0.8131
1250,1250.png,IdentityCards/1250.png,,failed,0
1251,1251.png,IdentityCards/1251.png,42051-0001251-1,success,0.9303
1252,1252.png,IdentityCards/1252.png,42052-0001252-2,success,0.7672
1253,1253.png,IdentityCards/1253.png,42053-0001253-3,success,0.897
1254,1254.png,IdentityCards/1254.png,42054-0001254-4,success,0.7187
1255,1255.png,IdentityCards/1255.png,42055-0001255-5,success,0.6339
1256,1256.png,IdentityCards/1256.png,42056-0001256-6,success,0.8912
1257,1257.png,IdentityCards/1257.png,42057-0001257-7,success,0.6099
1258,1258.png,IdentityCards/1258.png,42058-0001258-8,success,0.7584
1259,1259.png,IdentityCards/1259.png,42059-0001259-9,success,0.8523
1260,1260.png,IdentityCards/1260.png,42080-0001260-0,success,0.5847
1261,1261.png,IdentityCards/1261.png,42081-0001261-1,success,0.5228
1262,1262.png,IdentityCards/1262.png,42062-0001262-2,success,0.8089
1263,1263.png,IdentityCards/1263.png,42063-0001263-3,success,0.8457
1264,1264.png,IdentityCards/1264.png,42064-0001264-4,success,0.505
1265,1265.png,IdentityCards/1265.png,42085-0001265-5,success,0.5254
1266,1266.png,IdentityCards/1266.png,42086-0001266-6,success,0.5552
1267,1267.png,IdentityCards/1267.png,42067-0001267-7,success,0.6469
1268,1268.png,IdentityCards/1268.png,42088-0001268-8,success,0.7525
1269,1269.png,IdentityCards/1269.png,,failed,0.4983
1270,1270.png,IdentityCards/1270.png,42070-0001270-0,success,0.8019
1271,1271.png,IdentityCards/1271.png,42071-0001271-1,success,0.8932
1272,1272.png,IdentityCards/1272.png,42072-0001212-2,success,0.7355
1273,1273.png,IdentityCards/1273.png,42073-0001273-3,success,0.6553
1274,1274.png,IdentityCards/1274.png,42074-0001274-4,success,0.6206
1275,1275.png,IdentityCards/1275.png,42075-0001275-5,success,0.8222
1276,1276.png,IdentityCards/1276.png,42076-0001276-6,success,0.9129
1277,1277.png,IdentityCards/1277.png,,failed,0.4671
1278,1278.png,IdentityCards/1278.png,42078-0001278-8,success,0.5971
1279,1279.png,IdentityCards/1279.png,42079-0001219-9,success,0.5822
1280,1280.png,IdentityCards/1280.png,42080-0001280-0,success,0.8314
1281,1281.png,IdentityCards/1281.png,42081-0001281-1,success,0.6508
1282,1282.png,IdentityCards/1282.png,42082-0001282-2,success,0.8914
1283,1283.png,IdentityCards/1283.png,42083-0001283-3,success,0.7631
1284,1284.png,IdentityCards/1284.png,42084-0001284-4,success,0.6794
1285,1285.png,IdentityCards/1285.png,42085-0001285-5,success,0.5964
1286,1286.png,IdentityCards/1286.png,42086-0001286-6,success,0.9569
1287,1287.png,IdentityCards/1287.png,42087-0001287-7,success,0.8296
1288,1288.png,IdentityCards/1288.png,42088-0001288-8,success,0.8299
1289,1289.png,IdentityCards/1289.png,42089-0001289-9,success,0.7429
1290,1290.png,IdentityCards/1290.png,42090-0001290-0,success,0.8001
1291,1291.png,IdentityCards/1291.png,42091-0001291-1,success,0.7545
1292,1292.png,IdentityCards/1292.png,42082-0001292-2,success,0.551
1293,1293.png,IdentityCards/1293.png,42093-0001293-3,success,0.8299
1294,1294.png,IdentityCards/1294.png,42094-0001294-4,success,0.6522
1295,1295.png,IdentityCards/1295.png,,failed,0.4504
1296,1296.png,IdentityCards/1296.png,42096-0001296-6,success,0.9532
1297,1297.png,IdentityCards/1297.png,42097-0001257-7,success,0.8321
1298,1298.png,IdentityCards/1298.png,42098-0001298-8,success,0.7506
1299,1299.png,IdentityCards/1299.png,42099-0001299-9,success,0.6872
1300,1300.png,IdentityCards/1300.png,,failed,0.4564
1301,1301.png,IdentityCards/1301.png,42601-0001301-1,success,0.8201
1302,1302.png,IdentityCards/1302.png,42002-0001302-2,success,0.5298
1303,1303.png,IdentityCards/1303.png,42003-0001303-3,success,0.5768
1304,1304.png,IdentityCards/1304.png,42004-0001304-4,success,0.5311
1305,1305.png,IdentityCards/1305.png,42605-0001305-5,success,0.615
1306,1306.png,IdentityCards/1306.png,42606-0001306-6,success,0.5989
1307,1307.png,IdentityCards/1307.png,42607-0001307-7,success,0.73
1308,1308.png,IdentityCards/1308.png,42008-0001308-8,success,0.5748
1309,1309.png,IdentityCards/1309.png,42009-0001309-9,success,0.7178
1310,1310.png,IdentityCards/1310.png,42010-0001310-0,success,0.834
1311,1311.png,IdentityCards/1311.png,42011-0001311-1,success,0.7287
1312,1312.png,IdentityCards/1312.png,42012-0001312-2,success,0.8674
1313,1313.png,IdentityCards/1313.png,42013-0001313-3,success,0.7766
1314,1314.png,IdentityCards/1314.png,42014-0001314-4,success,0.6403
1315,1315.png,IdentityCards/1315.png,42015-0001315-5,success,0.8332
1316,1316.png,IdentityCards/1316.png,42016-0001316-6,success,0.9084
1317,1317.png,IdentityCards/1317.png,42017-0001317-7,success,0.8494
1318,1318.png,IdentityCards/1318.png,42018-0001318-8,success,0.7413
1319,1319.png,IdentityCards/1319.png,42019-0001319-9,success,0.9785
1320,1320.png,IdentityCards/1320.png,42020-0001320-0,success,0.7744
1321,1321.png,IdentityCards/1321.png,42021-0001321-1,success,0.6719
1322,1322.png,IdentityCards/1322.png,42022-0001322-2,success,0.6001
1323,1323.png,IdentityCards/1323.png,42023-0001323-3,success,0.63
1324,1324.png,IdentityCards/1324.png,42024-0001324-4,success,0.6618
1325,1325.png,IdentityCards/1325.png,,failed,0.4873
1326,1326.png,IdentityCards/1326.png,,failed,0
1327,1327.png,IdentityCards/1327.png,,failed,0.344
1328,1328.png,IdentityCards/1328.png,42028-0001328-8,success,0.8437
1329,1329.png,IdentityCards/1329.png,42029-0001329-9,success,0.9016
1330,1330.png,IdentityCards/1330.png,42030-0001330-0,success,0.7331
1331,1331.png,IdentityCards/1331.png,42031-0001331-1,success,0.8846
1332,1332.png,IdentityCards/1332.png,42032-0001332-2,success,0.6836
1333,1333.png,IdentityCards/1333.png,42033-0001333-3,success,0.5635
1334,1334.png,IdentityCards/1334.png,42034-0001334-4,success,0.7932
1335,1335.png,IdentityCards/1335.png,42035-0001325-5,success,0.7274
1336,1336.png,IdentityCards/1336.png,42036-0001326-6,success,0.7758
1337,1337.png,IdentityCards/1337.png,42037-0001337-7,success,0.7341
1338,1338.png,IdentityCards/1338.png,42038-0001338-8,success,0.6777
1339,1339.png,IdentityCards/1339.png,42039-0001339-9,success,0.9107
1340,1340.png,IdentityCards/1340.png,42040-0001340-0,success,0.8672
1341,1341.png,IdentityCards/1341.png,42041-0001341-1,success,0.7749
1342,1342.png,IdentityCards/1342.png,42042-0001342-2,success,0.8883
1343,1343.png,IdentityCards/1343.png,42043-0001343-3,success,0.7325
1344,1344.png,IdentityCards/1344.png,42044-0001344-4,success,0.7845
1345,1345.png,IdentityCards/1345.png,42045-0001345-5,success,0.8432
1346,1346.png,IdentityCards/1346.png,42046-0001346-6,success,0.9073
1347,1347.png,IdentityCards/1347.png,42047-0001347-7,success,0.6365
1348,1348.png,IdentityCards/1348.png,42048-0001348-8,success,0.5441
1349,1349.png,IdentityCards/1349.png,42049-0001349-9,success,0.7226
1350,1350.png,IdentityCards/1350.png,42050-0001350-0,success,0.9318
1351,1351.png,IdentityCards/1351.png,42051-0001351-1,success,0.9708
1352,1352.png,IdentityCards/1352.png,42052-0001352-2,success,0.9631
1353,1353.png,IdentityCards/1353.png,42053-0001353-3,success,0.7131
1354,1354.png,IdentityCards/1354.png,42054-0001354-4,success,0.6541
1355,1355.png,IdentityCards/1355.png,42055-0001355-5,success,0.8491
1356,1356.png,IdentityCards/1356.png,42056-0001356-6,success,0.9348
1357,1357.png,IdentityCards/1357.png,42057-0001357-7,success,0.6404
1358,1358.png,IdentityCards/1358.png,42058-0001358-8,success,0.6651
1359,1359.png,IdentityCards/1359.png,42059-0001359-9,success,0.829
1360,1360.png,IdentityCards/1360.png,42080-0001360-0,success,0.7081
1361,1361.png,IdentityCards/1361.png,42081-0001361-1,success,0.5623
1362,1362.png,IdentityCards/1362.png,42062-0001362-2,success,0.8745
1363,1363.png,IdentityCards/1363.png,42063-0001363-3,success,0.8031
1364,1364.png,IdentityCards/1364.png,42064-0001364-4,success,0.7352
1365,1365.png,IdentityCards/1365.png,,failed,0.4462
1366,1366.png,IdentityCards/1366.png,42086-0001366-6,success,0.9494
1367,1367.png,IdentityCards/1367.png,42067-0001367-7,success,0.6471
1368,1368.png,IdentityCards/1368.png,42088-0001368-8,success,0.7259
1369,1369.png,IdentityCards/1369.png,42089-0001369-9,success,0.5252
1370,1370.png,IdentityCards/1370.png,42070-0001370-0,success,0.6874
1371,1371.png,IdentityCards/1371.png,42071-0001371-1,success,0.9105
1372,1372.png,IdentityCards/1372.png,42072-0001372-2,success,0.8564
1373,1373.png,IdentityCards/1373.png,42073-0001373-3,success,0.7567
1374,1374.png,IdentityCards/1374.png,42074-0001374-4,success,0.8478
1375,1375.png,IdentityCards/1375.png,42075-0001375-5,success,0.7635
1376,1376.png,IdentityCards/1376.png,42076-0001376-6,success,0.9488
1377,1377.png,IdentityCards/1377.png,42077-0001377-7,success,0.7667
1378,1378.png,IdentityCards/1378.png,42078-0001378-8,success,0.7215
1379,1379.png,IdentityCards/1379.png,42079-0001379-9,success,0.5847
1380,1380.png,IdentityCards/1380.png,,failed,0
1381,1381.png,IdentityCards/1381.png,42081-0001381-1,success,0.8879
1382,1382.png,IdentityCards/1382.png,42082-0001382-2,success,0.7923
1383,1383.png,IdentityCards/1383.png,42083-0001383-3,success,0.7291
1384,1384.png,IdentityCards/1384.png,42084-0001384-4,success,0.6582
1385,1385.png,IdentityCards/1385.png,42085-0001385-5,success,0.8562
1386,1386.png,IdentityCards/1386.png,42086-0001386-6,success,0.9434
1387,1387.png,IdentityCards/1387.png,42087-0001387-7,success,0.5776
1388,1388.png,IdentityCards/1388.png,42088-0001388-8,success,0.7807
1389,1389.png,IdentityCards/1389.png,42089-0001389-9,success,0.9128
1390,1390.png,IdentityCards/1390.png,42090-0001390-0,success,0.854
1391,1391.png,IdentityCards/1391.png,42091-0001391-1,success,0.9421
1392,1392.png,IdentityCards/1392.png,42082-0001392-2,success,0.6724
1393,1393.png,IdentityCards/1393.png,42093-0001393-3,success,0.792
1394,1394.png,IdentityCards/1394.png,42094-0001394-4,success,0.7004
1395,1395.png,IdentityCards/1395.png,42095-0001395-5,success,0.8243
1396,1396.png,IdentityCards/1396.png,42096-0001396-6,success,0.9354
1397,1397.png,IdentityCards/1397.png,42097-0001397-7,success,0.6055
1398,1398.png,IdentityCards/1398.png,42098-0001398-8,success,0.8203
1399,1399.png,IdentityCards/1399.png,,failed,0.4716
1400,1400.png,IdentityCards/1400.png,,failed,0.3544
1401,1401.png,IdentityCards/1401.png,42601-0001401-1,success,0.7891
1402,1402.png,IdentityCards/1402.png,42002-0001402-2,success,0.5599
1403,1403.png,IdentityCards/1403.png,42003-0001403-3,success,0.5977
1404,1404.png,IdentityCards/1404.png,42004-0001404-4,success,0.5534
1405,1405.png,IdentityCards/1405.png,42605-0001405-5,success,0.5887
1406,1406.png,IdentityCards/1406.png,42606-0001406-6,success,0.5615
1407,1407.png,IdentityCards/1407.png,42607-0001407-7,success,0.6307
1408,1408.png,IdentityCards/1408.png,,failed,0.386
1409,1409.png,IdentityCards/1409.png,42009-0001409-9,success,0.5581
1410,1410.png,IdentityCards/1410.png,42010-0001410-0,success,0.8037
1411,1411.png,IdentityCards/1411.png,42011-0001411-1,success,0.7821
1412,1412.png,IdentityCards/1412.png,42012-0001412-2,success,0.8656
1413,1413.png,IdentityCards/1413.png,42013-0001413-3,success,0.8502
1414,1414.png,IdentityCards/1414.png,42014-0001414-4,success,0.8444
1415,1415.png,IdentityCards/1415.png,42015-0001415-5,success,0.9193
1416,1416.png,IdentityCards/1416.png,42016-0001416-6,success,0.8874
1417,1417.png,IdentityCards/1417.png,42017-0001417-7,success,0.5694
1418,1418.png,IdentityCards/1418.png,42018-0001418-8,success,0.6377
1419,1419.png,IdentityCards/1419.png,42019-0001419-9,success,0.7917
1420,1420.png,IdentityCards/1420.png,42020-0001420-0,success,0.7407
1421,1421.png,IdentityCards/1421.png,42021-0001421-1,success,0.5806
1422,1422.png,IdentityCards/1422.png,42022-0001422-2,success,0.7604
1423,1423.png,IdentityCards/1423.png,42023-0001423-3,success,0.7589
1424,1424.png,IdentityCards/1424.png,42024-0001424-4,success,0.6233
1425,1425.png,IdentityCards/1425.png,42025-0001425-5,success,0.5819
1426,1426.png,IdentityCards/1426.png,,failed,0
1427,1427.png,IdentityCards/1427.png,,failed,0.4831
1428,1428.png,IdentityCards/1428.png,42028-0001428-8,success,0.7125
1429,1429.png,IdentityCards/1429.png,42029-0001429-9,success,0.676
1430,1430.png,IdentityCards/1430.png,42030-0001430-0,success,0.9008
1431,1431.png,IdentityCards/1431.png,42031-0001431-1,success,0.654
1432,1432.png,IdentityCards/1432.png,42032-0001432-2,success,0.5663
1433,1433.png,IdentityCards/1433.png,42033-0001433-3,success,0.5051
1434,1434.png,IdentityCards/1434.png,42034-0001434-4,success,0.7195
1435,1435.png,IdentityCards/1435.png,42035-0001435-5,success,0.6675
1436,1436.png,IdentityCards/1436.png,42036-0001436-6,success,0.7316
1437,1437.png,IdentityCards/1437.png,42037-0001437-7,success,0.9011
1438,1438.png,IdentityCards/1438.png,42038-0001438-8,success,0.737
1439,1439.png,IdentityCards/1439.png,42039-0001439-9,success,0.9543
1440,1440.png,IdentityCards/1440.png,42040-0001440-0,success,0.8172
1441,1441.png,IdentityCards/1441.png,42041-0001441-1,success,0.9012
1442,1442.png,IdentityCards/1442.png,42042-0001442-2,success,0.9465
1443,1443.png,IdentityCards/1443.png,42043-0001443-3,success,0.8129
1444,1444.png,IdentityCards/1444.png,42044-0001444-4,success,0.5462
1445,1445.png,IdentityCards/1445.png,42045-0001445-5,success,0.7897
1446,1446.png,IdentityCards/1446.png,42046-0001446-6,success,0.7007
1447,1447.png,IdentityCards/1447.png,42047-0001447-7,success,0.8092
1448,1448.png,IdentityCards/1448.png,42048-0001448-8,success,0.7822
1449,1449.png,IdentityCards/1449.png,42049-0001449-9,success,0.7582
1450,1450.png,IdentityCards/1450.png,42050-0001450-0,success,0.6821
1451,1451.png,IdentityCards/1451.png,42051-0001451-1,success,0.792
1452,1452.png,IdentityCards/1452.png,42052-0001452-2,success,0.8512
1453,1453.png,IdentityCards/1453.png,42053-0001453-3,success,0.7043
1454,1454.png,IdentityCards/1454.png,42054-0001454-4,success,0.6099
1455,1455.png,IdentityCards/1455.png,42055-0001455-5,success,0.6163
1456,1456.png,IdentityCards/1456.png,42056-0001456-6,success,0.7032
1457,1457.png,IdentityCards/1457.png,42057-0001457-7,success,0.7106
1458,1458.png,IdentityCards/1458.png,42058-0001458-8,success,0.6894
1459,1459.png,IdentityCards/1459.png,42059-0001459-9,success,0.7116
1460,1460.png,IdentityCards/1460.png,42080-0001460-0,success,0.7755
1461,1461.png,IdentityCards/1461.png,42081-0001461-1,success,0.7032
1462,1462.png,IdentityCards/1462.png,42062-0001462-2,success,0.835
1463,1463.png,IdentityCards/1463.png,42063-0001463-3,success,0.8973
1464,1464.png,IdentityCards/1464.png,,failed,0.4767
1465,1465.png,IdentityCards/1465.png,42085-0001465-5,success,0.5479
1466,1466.png,IdentityCards/1466.png,42086-0001466-6,success,0.6889
1467,1467.png,IdentityCards/1467.png,42067-0001467-7,success,0.6905
1468,1468.png,IdentityCards/1468.png,42088-0001468-8,success,0.5961
1469,1469.png,IdentityCards/1469.png,,failed,0.4375
1470,1470.png,IdentityCards/1470.png,42070-0001470-0,success,0.8604
1471,1471.png,IdentityCards/1471.png,42071-0001471-1,success,0.9345
1472,1472.png,IdentityCards/1472.png,42072-0001472-2,success,0.911
1473,1473.png,IdentityCards/1473.png,42073-0001473-3,success,0.718
1474,1474.png,IdentityCards/1474.png,42074-0001474-4,success,0.784
1475,1475.png,IdentityCards/1475.png,42075-0001475-5,success,0.8148
1476,1476.png,IdentityCards/1476.png,42076-0001476-6,success,0.9187
1477,1477.png,IdentityCards/1477.png,42077-0001477-7,success,0.7806
1478,1478.png,IdentityCards/1478.png,42078-0001478-8,success,0.6584
1479,1479.png,IdentityCards/1479.png,42079-0001479-9,success,0.9512
1480,1480.png,IdentityCards/1480.png,42080-0001480-0,success,0.7629
1481,1481.png,IdentityCards/1481.png,42081-0001481-1,success,0.8329
1482,1482.png,IdentityCards/1482.png,42082-0001482-2,success,0.7669
1483,1483.png,IdentityCards/1483.png,42083-0001483-3,success,0.6364
1484,1484.png,IdentityCards/1484.png,42084-0001484-4,success,0.6542
1485,1485.png,IdentityCards/1485.png,42085-0001485-5,success,0.8939
1486,1486.png,IdentityCards/1486.png,42086-0001486-6,success,0.7458
1487,1487.png,IdentityCards/1487.png,,failed,0.4162
1488,1488.png,IdentityCards/1488.png,42088-0001488-8,success,0.8334
1489,1489.png,IdentityCards/1489.png,42089-0001489-9,success,0.9034
1490,1490.png,IdentityCards/1490.png,,failed,0.4925
1491,1491.png,IdentityCards/1491.png,42091-0001491-1,success,0.9698
1492,1492.png,IdentityCards/1492.png,42092-0001492-2,success,0.5236
1493,1493.png,IdentityCards/1493.png,42093-0001493-3,success,0.5458
1494,1494.png,IdentityCards/1494.png,42094-0001494-4,success,0.5955
1495,1495.png,IdentityCards/1495.png,42095-0001495-5,success,0.6777
1496,1496.png,IdentityCards/1496.png,42096-0001496-6,success,0.7388
1497,1497.png,IdentityCards/1497.png,42097-0001497-7,success,0.5468
1498,1498.png,IdentityCards/1498.png,42098-0001498-8,success,0.7324
1499,1499.png,IdentityCards/1499.png,42099-0001499-9,success,0.6232
1500,1500.png,IdentityCards/1500.png,,failed,0.4179
1501,1501.png,IdentityCards/1501.png,42601-0001501-1,success,0.7297
1502,1502.png,IdentityCards/1502.png,42602-0001502-2,success,0.5245
1503,1503.png,IdentityCards/1503.png,42603-0001503-3,success,0.6204
1504,1504.png,IdentityCards/1504.png,42004-0001504-4,success,0.5932
1505,1505.png,IdentityCards/1505.png,42605-0001505-5,success,0.8133
1506,1506.png,IdentityCards/1506.png,42606-0001506-1,success,0.5135
1507,1507.png,IdentityCards/1507.png,42607-0001507-7,success,0.607
1508,1508.png,IdentityCards/1508.png,42008-0001508-8,success,0.6238
1509,1509.png,IdentityCards/1509.png,42009-0001509-9,success,0.7505
1510,1510.png,IdentityCards/1510.png,42010-0001510-0,success,0.7695
1511,1511.png,IdentityCards/1511.png,42011-0001511-1,success,0.8787
1512,1512.png,IdentityCards/1512.png,42012-0001512-2,success,0.9256
1513,1513.png,IdentityCards/1513.png,42013-0001513-3,success,0.6872
1514,1514.png,IdentityCards/1514.png,42014-0001514-4,success,0.7225
1515,1515.png,IdentityCards/1515.png,42015-0001515-5,success,0.6122
1516,1516.png,IdentityCards/1516.png,42016-0001516-6,success,0.9283
1517,1517.png,IdentityCards/1517.png,42017-0001517-7,success,0.9242
1518,1518.png,IdentityCards/1518.png,42018-0001518-8,success,0.674
1519,1519.png,IdentityCards/1519.png,42019-0001519-9,success,0.8328
1520,1520.png,IdentityCards/1520.png,42020-0001520-0,success,0.5371
1521,1521.png,IdentityCards/1521.png,42021-0001521-1,success,0.6222
1522,1522.png,IdentityCards/1522.png,42022-0001522-2,success,0.6737
1523,1523.png,IdentityCards/1523.png,42023-0001523-3,success,0.6015
1524,1524.png,IdentityCards/1524.png,42024-0001524-4,success,0.6472
1525,1525.png,IdentityCards/1525.png,,failed,0.4415
1526,1526.png,IdentityCards/1526.png,42026-0001526-6,success,0.715
1527,1527.png,IdentityCards/1527.png,42027-0001521-7,success,0.6832
1528,1528.png,IdentityCards/1528.png,42028-0001528-8,success,0.7929
1529,1529.png,IdentityCards/1529.png,42029-0001529-9,success,0.7963
1530,1530.png,IdentityCards/1530.png,42030-0001530-0,success,0.7318
1531,1531.png,IdentityCards/1531.png,42031-0001531-1,success,0.5136
1532,1532.png,IdentityCards/1532.png,42032-0001532-2,success,0.7115
1533,1533.png,IdentityCards/1533.png,42033-0001523-3,success,0.5225
1534,1534.png,IdentityCards/1534.png,42034-0001534-4,success,0.6418
1535,1535.png,IdentityCards/1535.png,42035-0001525-5,success,0.7788
1536,1536.png,IdentityCards/1536.png,42036-0001526-6,success,0.7575
1537,1537.png,IdentityCards/1537.png,42037-0001537-7,success,0.8083
1538,1538.png,IdentityCards/1538.png,42038-0001528-8,success,0.8367
1539,1539.png,IdentityCards/1539.png,42039-0001539-9,success,0.7474
1540,1540.png,IdentityCards/1540.png,,failed,0
1541,1541.png,IdentityCards/1541.png,42041-0001541-1,success,0.8609
1542,1542.png,IdentityCards/1542.png,42042-0001542-2,success,0.822
1543,1543.png,IdentityCards/1543.png,42043-0001543-3,success,0.7637
1544,1544.png,IdentityCards/1544.png,42044-0001544-4,success,0.6123
1545,1545.png,IdentityCards/1545.png,42045-0001545-5,success,0.7361
1546,1546.png,IdentityCards/1546.png,42046-0001546-6,success,0.9184
1547,1547.png,IdentityCards/1547.png,42047-0001547-7,success,0.7124
1548,1548.png,IdentityCards/1548.png,42048-0001548-8,success,0.6859
1549,1549.png,IdentityCards/1549.png,42049-0001549-9,success,0.8964
1550,1550.png,IdentityCards/1550.png,42050-0001550-0,success,0.8753
1551,1551.png,IdentityCards/1551.png,42051-0001551-1,success,0.9352
1552,1552.png,IdentityCards/1552.png,42052-0001552-2,success,0.7687
1553,1553.png,IdentityCards/1553.png,42053-0001553-3,success,0.8938
1554,1554.png,IdentityCards/1554.png,42054-0001554-4,success,0.7045
1555,1555.png,IdentityCards/1555.png,42055-0001555-5,success,0.7058
1556,1556.png,IdentityCards/1556.png,42056-0001556-6,success,0.9681
1557,1557.png,IdentityCards/1557.png,42057-0001557-7,success,0.7499
1558,1558.png,IdentityCards/1558.png,42058-0001558-8,success,0.7629
1559,1559.png,IdentityCards/1559.png,42059-0001559-9,success,0.7152
1560,1560.png,IdentityCards/1560.png,42080-0001560-0,success,0.666
1561,1561.png,IdentityCards/1561.png,42081-0001561-1,success,0.8306
1562,1562.png,IdentityCards/1562.png,42062-0001562-2,success,0.8646
1563,1563.png,IdentityCards/1563.png,42063-0001563-3,success,0.834
1564,1564.png,IdentityCards/1564.png,42064-0001564-4,success,0.5942
1565,1565.png,IdentityCards/1565.png,42085-0001565-5,success,0.632
1566,1566.png,IdentityCards/1566.png,42086-0001566-6,success,0.9485
1567,1567.png,IdentityCards/1567.png,42087-0001567-7,success,0.6998
1568,1568.png,IdentityCards/1568.png,42088-0001568-8,success,0.6934
1569,1569.png,IdentityCards/1569.png,,failed,0.4406
1570,1570.png,IdentityCards/1570.png,42070-0001570-0,success,0.8983
1571,1571.png,IdentityCards/1571.png,42071-0001571-1,success,0.8865
1572,1572.png,IdentityCards/1572.png,42072-0001572-2,success,0.8126
1573,1573.png,IdentityCards/1573.png,42073-0001573-3,success,0.743
1574,1574.png,IdentityCards/1574.png,42074-0001574-4,success,0.6949
1575,1575.png,IdentityCards/1575.png,42075-0001575-5,success,0.7262
1576,1576.png,IdentityCards/1576.png,42076-0001576-6,success,0.911
1577,1577.png,IdentityCards/1577.png,,failed,0.4209
1578,1578.png,IdentityCards/1578.png,42078-0001578-8,success,0.7515
1579,1579.png,IdentityCards/1579.png,42079-0001579-9,success,0.6772
1580,1580.png,IdentityCards/1580.png,42080-0001580-0,success,0.7929
1581,1581.png,IdentityCards/1581.png,42081-0001581-1,success,0.7662
1582,1582.png,IdentityCards/1582.png,42082-0001582-2,success,0.8299
1583,1583.png,IdentityCards/1583.png,42083-0001583-3,success,0.8235
1584,1584.png,IdentityCards/1584.png,42084-0001584-4,success,0.829
1585,1585.png,IdentityCards/1585.png,42085-0001585-5,success,0.8902
1586,1586.png,IdentityCards/1586.png,42086-0001586-6,success,0.9445
1587,1587.png,IdentityCards/1587.png,42087-0001587-7,success,0.7913
1588,1588.png,IdentityCards/1588.png,42088-0001588-8,success,0.793
1589,1589.png,IdentityCards/1589.png,42089-0001589-9,success,0.6472
1590,1590.png,IdentityCards/1590.png,42090-0001590-0,success,0.7784
1591,1591.png,IdentityCards/1591.png,42091-0001591-1,success,0.7777
1592,1592.png,IdentityCards/1592.png,42082-0001592-2,success,0.612
1593,1593.png,IdentityCards/1593.png,42093-0001593-3,success,0.5472
1594,1594.png,IdentityCards/1594.png,42094-0001594-4,success,0.6763
1595,1595.png,IdentityCards/1595.png,42095-0001595-5,success,0.6881
1596,1596.png,IdentityCards/1596.png,42096-0001596-6,success,0.9413
1597,1597.png,IdentityCards/1597.png,42097-0001597-7,success,0.8307
1598,1598.png,IdentityCards/1598.png,42098-0001598-8,success,0.7655
1599,1599.png,IdentityCards/1599.png,42099-0001599-9,success,0.5118
1600,1600.png,IdentityCards/1600.png,42600-0001600-0,success,0.5436
1601,1601.png,IdentityCards/1601.png,42601-0001601-1,success,0.754
1602,1602.png,IdentityCards/1602.png,42602-0001602-2,success,0.6473
1603,1603.png,IdentityCards/1603.png,42003-0001603-3,success,0.5343
1604,1604.png,IdentityCards/1604.png,42004-0001604-4,success,0.6424
1605,1605.png,IdentityCards/1605.png,42605-0001605-5,success,0.7654
1606,1606.png,IdentityCards/1606.png,42606-0001606-6,success,0.6395
1607,1607.png,IdentityCards/1607.png,42607-0001607-7,success,0.7677
1608,1608.png,IdentityCards/1608.png,42608-0001608-8,success,0.5343
1609,1609.png,IdentityCards/1609.png,42009-0001609-9,success,0.5666
1610,1610.png,IdentityCards/1610.png,42010-0001610-0,success,0.7251
1611,1611.png,IdentityCards/1611.png,42011-0001611-1,success,0.5984
1612,1612.png,IdentityCards/1612.png,42012-0001612-2,success,0.6214
1613,1613.png,IdentityCards/1613.png,42013-0001613-3,success,0.8509
1614,1614.png,IdentityCards/1614.png,42014-0001614-4,success,0.7684
1615,1615.png,IdentityCards/1615.png,42015-0001615-5,success,0.7534
1616,1616.png,IdentityCards/1616.png,42016-0001616-6,success,0.9526
1617,1617.png,IdentityCards/1617.png,42017-0001617-7,success,0.8094
1618,1618.png,IdentityCards/1618.png,42018-0001618-8,success,0.5999
1619,1619.png,IdentityCards/1619.png,42019-0001619-9,success,0.9714
1620,1620.png,IdentityCards/1620.png,42020-0001620-0,success,0.736
1621,1621.png,IdentityCards/1621.png,42021-0001621-1,success,0.783
1622,1622.png,IdentityCards/1622.png,42022-0001622-2,success,0.8475
1623,1623.png,IdentityCards/1623.png,42023-0001623-3,success,0.5906
1624,1624.png,IdentityCards/1624.png,42024-0001624-4,success,0.8219
1625,1625.png,IdentityCards/1625.png,,failed,0.4715
1626,1626.png,IdentityCards/1626.png,,failed,0
1627,1627.png,IdentityCards/1627.png,42027-0001621-7,success,0.657
1628,1628.png,IdentityCards/1628.png,42028-0001628-8,success,0.7681
1629,1629.png,IdentityCards/1629.png,42029-0001629-9,success,0.8194
1630,1630.png,IdentityCards/1630.png,42030-0001630-0,success,0.7855
1631,1631.png,IdentityCards/1631.png,42031-0001631-1,success,0.7221
1632,1632.png,IdentityCards/1632.png,42032-0001632-2,success,0.5912
1633,1633.png,IdentityCards/1633.png,42033-0001623-3,success,0.5826
1634,1634.png,IdentityCards/1634.png,42034-0001634-4,success,0.5345
1635,1635.png,IdentityCards/1635.png,42035-0001625-5,success,0.7754
1636,1636.png,IdentityCards/1636.png,42036-0001626-6,success,0.9389
1637,1637.png,IdentityCards/1637.png,42037-0001637-7,success,0.7952
1638,1638.png,IdentityCards/1638.png,42038-0001628-8,success,0.8219
1639,1639.png,IdentityCards/1639.png,42039-0001639-9,success,0.8034
1640,1640.png,IdentityCards/1640.png,42040-0001640-0,success,0.5498
1641,1641.png,IdentityCards/1641.png,42041-0001641-1,success,0.7655
1642,1642.png,IdentityCards/1642.png,42042-0001642-2,success,0.8617
1643,1643.png,IdentityCards/1643.png,42043-0001643-3,success,0.6947
1644,1644.png,IdentityCards/1644.png,,failed,0.4851
1645,1645.png,IdentityCards/1645.png,42045-0001645-5,success,0.7605
1646,1646.png,IdentityCards/1646.png,42046-0001646-6,success,0.9574
1647,1647.png,IdentityCards/1647.png,42047-0001647-7,success,0.837
1648,1648.png,IdentityCards/1648.png,42048-0001648-8,success,0.5974
1649,1649.png,IdentityCards/1649.png,42049-0001649-9,success,0.9245
1650,1650.png,IdentityCards/1650.png,42050-0001650-0,success,0.7418
1651,1651.png,IdentityCards/1651.png,42051-0001651-1,success,0.9646
1652,1652.png,IdentityCards/1652.png,42052-0001652-2,success,0.7437
1653,1653.png,IdentityCards/1653.png,42053-0001653-3,success,0.6246
1654,1654.png,IdentityCards/1654.png,42054-0001654-4,success,0.8893
1655,1655.png,IdentityCards/1655.png,42055-0001655-5,success,0.7433
1656,1656.png,IdentityCards/1656.png,42056-0001656-6,success,0.7509
1657,1657.png,IdentityCards/1657.png,42057-0001657-7,success,0.7955
1658,1658.png,IdentityCards/1658.png,,failed,0
1659,1659.png,IdentityCards/1659.png,42059-0001659-9,success,0.6465
1660,1660.png,IdentityCards/1660.png,42080-0001660-0,success,0.627
1661,1661.png,IdentityCards/1661.png,42081-0001661-1,success,0.8412
1662,1662.png,IdentityCards/1662.png,42062-0001662-2,success,0.8897
1663,1663.png,IdentityCards/1663.png,42063-0001663-3,success,0.7303
1664,1664.png,IdentityCards/1664.png,42064-0001664-4,success,0.5974
1665,1665.png,IdentityCards/1665.png,42085-0001665-5,success,0.8299
1666,1666.png,IdentityCards/1666.png,42086-0001666-6,success,0.6031
1667,1667.png,IdentityCards/1667.png,42067-0001667-7,success,0.6821
1668,1668.png,IdentityCards/1668.png,42088-0001668-8,success,0.7362
1669,1669.png,IdentityCards/1669.png,,failed,0.4732
1670,1670.png,IdentityCards/1670.png,42070-0001670-0,success,0.9473
1671,1671.png,IdentityCards/1671.png,42071-0001671-1,success,0.9749
1672,1672.png,IdentityCards/1672.png,42072-0001672-2,success,0.9341
1673,1673.png,IdentityCards/1673.png,,failed,0.4958
1674,1674.png,IdentityCards/1674.png,42074-0001674-4,success,0.8798
1675,1675.png,IdentityCards/1675.png,42075-0001675-5,success,0.752
1676,1676.png,IdentityCards/1676.png,42076-0001676-6,success,0.9586
1677,1677.png,IdentityCards/1677.png,42077-0001677-1,success,0.5579
1678,1678.png,IdentityCards/1678.png,42078-0001678-8,success,0.5291
1679,1679.png,IdentityCards/1679.png,42079-0001679-9,success,0.9071
1680,1680.png,IdentityCards/1680.png,42080-0001680-0,success,0.6074
1681,1681.png,IdentityCards/1681.png,42081-0001681-1,success,0.7981
1682,1682.png,IdentityCards/1682.png,42082-0001682-2,success,0.8089
1683,1683.png,IdentityCards/1683.png,42083-0001683-3,success,0.7486
1684,1684.png,IdentityCards/1684.png,42084-0001684-4,success,0.8245
1685,1685.png,IdentityCards/1685.png,,failed,0
1686,1686.png,IdentityCards/1686.png,42086-0001686-6,success,0.9686
1687,1687.png,IdentityCards/1687.png,42087-0001687-7,success,0.8614
1688,1688.png,IdentityCards/1688.png,,failed,0
1689,1689.png,IdentityCards/1689.png,,failed,0.3844
1690,1690.png,IdentityCards/1690.png,42090-0001690-0,success,0.6704
1691,1691.png,IdentityCards/1691.png,42091-0001691-1,success,0.8124
1692,1692.png,IdentityCards/1692.png,42082-0001692-2,success,0.6105
1693,1693.png,IdentityCards/1693.png,42093-0001693-3,success,0.569
1694,1694.png,IdentityCards/1694.png,42094-0001694-4,success,0.754
1695,1695.png,IdentityCards/1695.png,42095-0001695-5,success,0.6524
1696,1696.png,IdentityCards/1696.png,42096-0001696-6,success,0.6744
1697,1697.png,IdentityCards/1697.png,42097-0001697-7,success,0.8338
1698,1698.png,IdentityCards/1698.png,42098-0001698-8,success,0.8222
1699,1699.png,IdentityCards/1699.png,,failed,0.3771
1700,1700.png,IdentityCards/1700.png,,failed,0.3425
1701,1701.png,IdentityCards/1701.png,42601-0001701-1,success,0.6652
1702,1702.png,IdentityCards/1702.png,,failed,0.45
1703,1703.png,IdentityCards/1703.png,42003-0001703-3,success,0.6508
1704,1704.png,IdentityCards/1704.png,42004-0001704-4,success,0.551
1705,1705.png,IdentityCards/1705.png,42605-0001705-5,success,0.6592
1706,1706.png,IdentityCards/1706.png,42606-0001706-6,success,0.5794
1707,1707.png,IdentityCards/1707.png,,failed,0.4699
1708,1708.png,IdentityCards/1708.png,42008-0001708-8,success,0.5427
1709,1709.png,IdentityCards/1709.png,42009-0001709-9,success,0.5751
1710,1710.png,IdentityCards/1710.png,,failed,0.4981
1711,1711.png,IdentityCards/1711.png,42011-0001711-1,success,0.8072
1712,1712.png,IdentityCards/1712.png,42012-0001712-2,success,0.815
1713,1713.png,IdentityCards/1713.png,42013-0001713-3,success,0.8756
1714,1714.png,IdentityCards/1714.png,42014-0001714-4,success,0.745
1715,1715.png,IdentityCards/1715.png,42015-0001715-5,success,0.9522
1716,1716.png,IdentityCards/1716.png,42016-0001716-6,success,0.9212
1717,1717.png,IdentityCards/1717.png,42017-0001717-7,success,0.8406
1718,1718.png,IdentityCards/1718.png,42018-0001718-8,success,0.7533
1719,1719.png,IdentityCards/1719.png,42019-0001719-9,success,0.718
1720,1720.png,IdentityCards/1720.png,42020-0001720-0,success,0.815
1721,1721.png,IdentityCards/1721.png,42021-0001721-1,success,0.8842
1722,1722.png,IdentityCards/1722.png,42022-0001722-2,success,0.8807
1723,1723.png,IdentityCards/1723.png,42023-0001723-3,success,0.6598
1724,1724.png,IdentityCards/1724.png,42024-0001724-4,success,0.7389
1725,1725.png,IdentityCards/1725.png,42023-0001725-5,success,0.5535
1726,1726.png,IdentityCards/1726.png,42026-0001726-6,success,0.6782
1727,1727.png,IdentityCards/1727.png,,failed,0.475
1728,1728.png,IdentityCards/1728.png,42028-0001728-8,success,0.8153
1729,1729.png,IdentityCards/1729.png,42029-0001729-9,success,0.6189
1730,1730.png,IdentityCards/1730.png,42030-0001730-0,success,0.9249
1731,1731.png,IdentityCards/1731.png,42031-0001731-1,success,0.7163
1732,1732.png,IdentityCards/1732.png,42032-0001732-2,success,0.6806
1733,1733.png,IdentityCards/1733.png,42033-0001733-3,success,0.5679
1734,1734.png,IdentityCards/1734.png,42034-0001734-4,success,0.7463
1735,1735.png,IdentityCards/1735.png,42035-0001725-5,success,0.6232
1736,1736.png,IdentityCards/1736.png,42036-0001726-6,success,0.7578
1737,1737.png,IdentityCards/1737.png,42037-0001737-7,success,0.5119
1738,1738.png,IdentityCards/1738.png,42038-0001738-8,success,0.7551
1739,1739.png,IdentityCards/1739.png,42039-0001739-9,success,0.7804
1740,1740.png,IdentityCards/1740.png,42040-0001740-0,success,0.8391
1741,1741.png,IdentityCards/1741.png,42041-0001741-1,success,0.7145
1742,1742.png,IdentityCards/1742.png,42042-0001742-2,success,0.7571
1743,1743.png,IdentityCards/1743.png,42043-0001743-3,success,0.6727
1744,1744.png,IdentityCards/1744.png,42044-0001744-4,success,0.7013
1745,1745.png,IdentityCards/1745.png,42045-0001745-5,success,0.7635
1746,1746.png,IdentityCards/1746.png,42046-0001746-6,success,0.8959
1747,1747.png,IdentityCards/1747.png,42047-0001747-7,success,0.7393
1748,1748.png,IdentityCards/1748.png,42048-0001748-8,success,0.712
1749,1749.png,IdentityCards/1749.png,42049-0001749-9,success,0.6137
1750,1750.png,IdentityCards/1750.png,42050-0001750-0,success,0.6664
1751,1751.png,IdentityCards/1751.png,42051-0001751-1,success,0.7571
1752,1752.png,IdentityCards/1752.png,42052-0001752-2,success,0.6387
1753,1753.png,IdentityCards/1753.png,42053-0001753-3,success,0.7016
1754,1754.png,IdentityCards/1754.png,42054-0001754-4,success,0.6889
1755,1755.png,IdentityCards/1755.png,42055-0001755-5,success,0.6074
1756,1756.png,IdentityCards/1756.png,42056-0001756-6,success,0.8817
1757,1757.png,IdentityCards/1757.png,42057-0001757-7,success,0.7835
1758,1758.png,IdentityCards/1758.png,42058-0001758-8,success,0.713
1759,1759.png,IdentityCards/1759.png,42059-0001759-9,success,0.7029
1760,1760.png,IdentityCards/1760.png,42080-0001760-0,success,0.61
1761,1761.png,IdentityCards/1761.png,42081-0001761-1,success,0.6022
1762,1762.png,IdentityCards/1762.png,42062-0001762-2,success,0.7614
1763,1763.png,IdentityCards/1763.png,42063-0001763-3,success,0.6264
1764,1764.png,IdentityCards/1764.png,42064-0001764-4,success,0.5004
1765,1765.png,IdentityCards/1765.png,,failed,0.4879
1766,1766.png,IdentityCards/1766.png,42086-0001766-6,success,0.6993
1767,1767.png,IdentityCards/1767.png,42067-0001767-7,success,0.6232
1768,1768.png,IdentityCards/1768.png,42088-0001768-8,success,0.8125
1769,1769.png,IdentityCards/1769.png,,failed,0.4842
1770,1770.png,IdentityCards/1770.png,42070-0001770-0,success,0.702
1771,1771.png,IdentityCards/1771.png,,failed,0
1772,1772.png,IdentityCards/1772.png,,failed,0.4312
1773,1773.png,IdentityCards/1773.png,42073-0001773-3,success,0.8606
1774,1774.png,IdentityCards/1774.png,42074-0001771-4,success,0.5772
1775,1775.png,IdentityCards/1775.png,42075-0001775-5,success,0.5452
1776,1776.png,IdentityCards/1776.png,42076-0001776-6,success,0.9169
1777,1777.png,IdentityCards/1777.png,42077-0001771-7,success,0.6034
1778,1778.png,IdentityCards/1778.png,42078-0001778-8,success,0.6259
1779,1779.png,IdentityCards/1779.png,42079-0001779-9,success,0.9037
1780,1780.png,IdentityCards/1780.png,42080-0001780-0,success,0.8648
1781,1781.png,IdentityCards/1781.png,42081-0001781-1,success,0.9189
1782,1782.png,IdentityCards/1782.png,42082-0001782-2,success,0.8425
1783,1783.png,IdentityCards/1783.png,42083-0001783-3,success,0.7412
1784,1784.png,IdentityCards/1784.png,42084-0001784-4,success,0.8573
1785,1785.png,IdentityCards/1785.png,42085-0001785-5,success,0.71
1786,1786.png,IdentityCards/1786.png,42086-0001786-6,success,0.9458
1787,1787.png,IdentityCards/1787.png,42087-0001787-7,success,0.8574
1788,1788.png,IdentityCards/1788.png,42088-0001788-8,success,0.8169
1789,1789.png,IdentityCards/1789.png,42089-0001789-9,success,0.9177
1790,1790.png,IdentityCards/1790.png,42090-0001790-0,success,0.8556
1791,1791.png,IdentityCards/1791.png,42091-0001791-1,success,0.9445
1792,1792.png,IdentityCards/1792.png,42082-0001792-2,success,0.6507
1793,1793.png,IdentityCards/1793.png,42093-0001793-3,success,0.648
1794,1794.png,IdentityCards/1794.png,42094-0001794-4,success,0.6639
1795,1795.png,IdentityCards/1795.png,42095-0001795-5,success,0.5641
1796,1796.png,IdentityCards/1796.png,42096-0001796-6,success,0.8659
1797,1797.png,IdentityCards/1797.png,42097-0001797-7,success,0.8227
1798,1798.png,IdentityCards/1798.png,42098-0001798-8,success,0.8484
1799,1799.png,IdentityCards/1799.png,,failed,0.4822
1800,1800.png,IdentityCards/1800.png,,failed,0
1801,1801.png,IdentityCards/1801.png,,failed,0
1802,1802.png,IdentityCards/1802.png,,failed,0.4954
1803,1803.png,IdentityCards/1803.png,,failed,0
1804,1804.png,IdentityCards/1804.png,42004-0001804-4,success,0.5973
1805,1805.png,IdentityCards/1805.png,42605-0001805-5,success,0.7301
1806,1806.png,IdentityCards/1806.png,,failed,0.4964
1807,1807.png,IdentityCards/1807.png,42607-0001807-7,success,0.6011
1808,1808.png,IdentityCards/1808.png,,failed,0
1809,1809.png,IdentityCards/1809.png,42009-0001809-9,success,0.7919
1810,1810.png,IdentityCards/1810.png,42010-0001810-0,success,0.5692
1811,1811.png,IdentityCards/1811.png,42011-0001811-1,success,0.8779
1812,1812.png,IdentityCards/1812.png,42012-0001812-2,success,0.8397
1813,1813.png,IdentityCards/1813.png,,failed,0
1814,1814.png,IdentityCards/1814.png,42014-0001814-4,success,0.8945
1815,1815.png,IdentityCards/1815.png,42015-0001815-5,success,0.7961
1816,1816.png,IdentityCards/1816.png,42016-0001816-6,success,0.9077
1817,1817.png,IdentityCards/1817.png,42017-0001817-7,success,0.6671
1818,1818.png,IdentityCards/1818.png,,failed,0
1819,1819.png,IdentityCards/1819.png,42019-0001819-9,success,0.9061
1820,1820.png,IdentityCards/1820.png,,failed,0
1821,1821.png,IdentityCards/1821.png,42021-0001821-1,success,0.8659
1822,1822.png,IdentityCards/1822.png,42022-0001822-2,success,0.8235
1823,1823.png,IdentityCards/1823.png,42023-0001823-3,success,0.8098
1824,1824.png,IdentityCards/1824.png,42024-0001824-4,success,0.8131
1825,1825.png,IdentityCards/1825.png,42025-0001825-5,success,0.5864
1826,1826.png,IdentityCards/1826.png,42026-0001826-6,success,0.7595
1827,1827.png,IdentityCards/1827.png,42027-0001821-7,success,0.5543
1828,1828.png,IdentityCards/1828.png,42028-0001828-8,success,0.7836
1829,1829.png,IdentityCards/1829.png,42029-0001829-9,success,0.8592
1830,1830.png,IdentityCards/1830.png,42030-0001830-0,success,0.6916
1831,1831.png,IdentityCards/1831.png,42031-0001831-1,success,0.8321
1832,1832.png,IdentityCards/1832.png,42032-0001832-2,success,0.8745
1833,1833.png,IdentityCards/1833.png,,failed,0.4718
1834,1834.png,IdentityCards/1834.png,42034-0001834-4,success,0.8388
1835,1835.png,IdentityCards/1835.png,,failed,0.3817
1836,1836.png,IdentityCards/1836.png,42036-0001826-6,success,0.6838
1837,1837.png,IdentityCards/1837.png,42037-0001837-7,success,0.6633
1838,1838.png,IdentityCards/1838.png,42038-0001828-8,success,0.7218
1839,1839.png,IdentityCards/1839.png,42039-0001839-9,success,0.6668
1840,1840.png,IdentityCards/1840.png,42040-0001840-0,success,0.7792
1841,1841.png,IdentityCards/1841.png,42041-0001841-1,success,0.7917
1842,1842.png,IdentityCards/1842.png,42042-0001842-2,success,0.8881
1843,1843.png,IdentityCards/1843.png,42043-0001843-3,success,0.8541
1844,1844.png,IdentityCards/1844.png,42044-0001844-4,success,0.7126
1845,1845.png,IdentityCards/1845.png,42045-0001845-5,success,0.5371
1846,1846.png,IdentityCards/1846.png,42046-0001846-6,success,0.9666
1847,1847.png,IdentityCards/1847.png,42047-0001847-7,success,0.8797
1848,1848.png,IdentityCards/1848.png,,failed,0
1849,1849.png,IdentityCards/1849.png,42049-0001849-9,success,0.5968
1850,1850.png,IdentityCards/1850.png,,failed,0
1851,1851.png,IdentityCards/1851.png,42051-0001851-1,success,0.8835
1852,1852.png,IdentityCards/1852.png,42052-0001852-2,success,0.9125
1853,1853.png,IdentityCards/1853.png,42053-0001853-3,success,0.6682
1854,1854.png,IdentityCards/1854.png,42054-0001854-4,success,0.9044
1855,1855.png,IdentityCards/1855.png,42055-0001855-5,success,0.7706
1856,1856.png,IdentityCards/1856.png,42056-0001856-6,success,0.9443
1857,1857.png,IdentityCards/1857.png,42057-0001857-7,success,0.925
1858,1858.png,IdentityCards/1858.png,,failed,0
1859,1859.png,IdentityCards/1859.png,42059-0001859-9,success,0.6865
1860,1860.png,IdentityCards/1860.png,,failed,0
1861,1861.png,IdentityCards/1861.png,42081-0001861-1,success,0.7587
1862,1862.png,IdentityCards/1862.png,42062-0001862-2,success,0.8362
1863,1863.png,IdentityCards/1863.png,42063-0001863-3,success,0.8967
1864,1864.png,IdentityCards/1864.png,,failed,0
1865,1865.png,IdentityCards/1865.png,,failed,0
1866,1866.png,IdentityCards/1866.png,42086-0001866-6,success,0.9406
1867,1867.png,IdentityCards/1867.png,42067-0001867-7,success,0.693
1868,1868.png,IdentityCards/1868.png,42088-0001868-8,success,0.6804
1869,1869.png,IdentityCards/1869.png,,failed,0.4396
1870,1870.png,IdentityCards/1870.png,42070-0001870-0,success,0.8914
1871,1871.png,IdentityCards/1871.png,42071-0001871-1,success,0.8606
1872,1872.png,IdentityCards/1872.png,42072-0001872-2,success,0.8239
1873,1873.png,IdentityCards/1873.png,42073-0001873-3,success,0.8152
1874,1874.png,IdentityCards/1874.png,42074-0001874-4,success,0.8938
1875,1875.png,IdentityCards/1875.png,42075-0001875-5,success,0.8888
1876,1876.png,IdentityCards/1876.png,42076-0001876-6,success,0.9406
1877,1877.png,IdentityCards/1877.png,42077-0001877-7,success,0.7157
1878,1878.png,IdentityCards/1878.png,42078-0001878-8,success,0.635
1879,1879.png,IdentityCards/1879.png,42079-0001879-9,success,0.903
1880,1880.png,IdentityCards/1880.png,,failed,0
1881,1881.png,IdentityCards/1881.png,,failed,0
1882,1882.png,IdentityCards/1882.png,42082-0001882-2,success,0.8976
1883,1883.png,IdentityCards/1883.png,42083-0001883-3,success,0.645
1884,1884.png,IdentityCards/1884.png,42084-0001884-4,success,0.7572
1885,1885.png,IdentityCards/1885.png,42085-0001885-5,success,0.8333
1886,1886.png,IdentityCards/1886.png,42086-0001886-6,success,0.9606
1887,1887.png,IdentityCards/1887.png,42087-0001887-7,success,0.6995
1888,1888.png,IdentityCards/1888.png,42088-0001888-8,success,0.7305
1889,1889.png,IdentityCards/1889.png,42089-0001889-9,success,0.722
1890,1890.png,IdentityCards/1890.png,,failed,0
1891,1891.png,IdentityCards/1891.png,42091-0001891-1,success,0.773
1892,1892.png,IdentityCards/1892.png,42092-0001892-2,success,0.6239
1893,1893.png,IdentityCards/1893.png,42093-0001893-3,success,0.7751
1894,1894.png,IdentityCards/1894.png,42094-0001894-4,success,0.8567
1895,1895.png,IdentityCards/1895.png,42095-0001895-5,success,0.6985
1896,1896.png,IdentityCards/1896.png,42096-0001896-6,success,0.93
1897,1897.png,IdentityCards/1897.png,,failed,0.4746
1898,1898.png,IdentityCards/1898.png,42098-0001898-8,success,0.6369
1899,1899.png,IdentityCards/1899.png,42039-0001899-9,success,0.5244
1900,1900.png,IdentityCards/1900.png,,failed,0.4056
1901,1901.png,IdentityCards/1901.png,42601-0001901-1,success,0.6377
1902,1902.png,IdentityCards/1902.png,42602-0001902-2,success,0.5449
1903,1903.png,IdentityCards/1903.png,42603-0001903-3,success,0.5452
1904,1904.png,IdentityCards/1904.png,42004-0001904-4,success,0.6262
1905,1905.png,IdentityCards/1905.png,42605-0001905-5,success,0.5243
1906,1906.png,IdentityCards/1906.png,42606-0001906-6,success,0.7335
1907,1907.png,IdentityCards/1907.png,42007-0001907-7,success,0.5174
1908,1908.png,IdentityCards/1908.png,,failed,0.4486
1909,1909.png,IdentityCards/1909.png,42009-0001909-9,success,0.537
1910,1910.png,IdentityCards/1910.png,42010-0001910-0,success,0.853
1911,1911.png,IdentityCards/1911.png,42011-0001911-1,success,0.7754
1912,1912.png,IdentityCards/1912.png,42012-0001912-2,success,0.7913
1913,1913.png,IdentityCards/1913.png,42013-0001913-3,success,0.6843
1914,1914.png,IdentityCards/1914.png,,failed,0.4045
1915,1915.png,IdentityCards/1915.png,42015-0001915-5,success,0.9172
1916,1916.png,IdentityCards/1916.png,42016-0001916-6,success,0.9444
1917,1917.png,IdentityCards/1917.png,42017-0001917-7,success,0.674
1918,1918.png,IdentityCards/1918.png,42018-0001918-8,success,0.5732
1919,1919.png,IdentityCards/1919.png,42019-0001919-9,success,0.8308
1920,1920.png,IdentityCards/1920.png,,failed,0.4239
1921,1921.png,IdentityCards/1921.png,42021-0001921-1,success,0.5688
1922,1922.png,IdentityCards/1922.png,42022-0001922-2,success,0.81
1923,1923.png,IdentityCards/1923.png,42023-0001923-3,success,0.7066
1924,1924.png,IdentityCards/1924.png,42024-0001924-4,success,0.6343
1925,1925.png,IdentityCards/1925.png,42025-0001925-5,success,0.5795
1926,1926.png,IdentityCards/1926.png,,failed,0
1927,1927.png,IdentityCards/1927.png,,failed,0.4029
1928,1928.png,IdentityCards/1928.png,42028-0001928-8,success,0.5995
1929,1929.png,IdentityCards/1929.png,,failed,0.4797
1930,1930.png,IdentityCards/1930.png,42030-0001930-0,success,0.8029
1931,1931.png,IdentityCards/1931.png,42031-0001931-1,success,0.7386
1932,1932.png,IdentityCards/1932.png,42032-0001932-2,success,0.7602
1933,1933.png,IdentityCards/1933.png,42033-0001933-3,success,0.6111
1934,1934.png,IdentityCards/1934.png,42034-0001934-4,success,0.7033
1935,1935.png,IdentityCards/1935.png,42035-0001925-5,success,0.5483
1936,1936.png,IdentityCards/1936.png,42036-0001936-6,success,0.7114
1937,1937.png,IdentityCards/1937.png,42037-0001937-7,success,0.6846
1938,1938.png,IdentityCards/1938.png,42038-0001938-8,success,0.7822
1939,1939.png,IdentityCards/1939.png,42039-0001939-9,success,0.9194
1940,1940.png,IdentityCards/1940.png,42040-0001940-0,success,0.6577
1941,1941.png,IdentityCards/1941.png,42041-0001941-1,success,0.7445
1942,1942.png,IdentityCards/1942.png,42042-0001942-2,success,0.9162
1943,1943.png,IdentityCards/1943.png,42043-0001943-3,success,0.668
1944,1944.png,IdentityCards/1944.png,42044-0001944-4,success,0.8278
1945,1945.png,IdentityCards/1945.png,42045-0001945-5,success,0.509
1946,1946.png,IdentityCards/1946.png,42046-0001946-6,success,0.9322
1947,1947.png,IdentityCards/1947.png,42047-0001947-7,success,0.8689
1948,1948.png,IdentityCards/1948.png,42048-0001948-8,success,0.6978
1949,1949.png,IdentityCards/1949.png,42049-0001949-9,success,0.8988
1950,1950.png,IdentityCards/1950.png,42050-0001950-0,success,0.889
1951,1951.png,IdentityCards/1951.png,42051-0001951-1,success,0.9678
1952,1952.png,IdentityCards/1952.png,42052-0001952-2,success,0.8969
1953,1953.png,IdentityCards/1953.png,42053-0001953-3,success,0.5456
1954,1954.png,IdentityCards/1954.png,42054-0001954-4,success,0.8125
1955,1955.png,IdentityCards/1955.png,42055-0001955-5,success,0.854
1956,1956.png,IdentityCards/1956.png,42056-0001956-6,success,0.9612
1957,1957.png,IdentityCards/1957.png,42057-0001957-7,success,0.8871
1958,1958.png,IdentityCards/1958.png,42058-0001958-8,success,0.8192
1959,1959.png,IdentityCards/1959.png,42059-0001959-9,success,0.7062
1960,1960.png,IdentityCards/1960.png,42080-0001960-0,success,0.7564
1961,1961.png,IdentityCards/1961.png,42061-0001961-1,success,0.6315
1962,1962.png,IdentityCards/1962.png,42062-0001962-2,success,0.8205
1963,1963.png,IdentityCards/1963.png,42063-0001963-3,success,0.7216
1964,1964.png,IdentityCards/1964.png,42064-0001964-4,success,0.6241
1965,1965.png,IdentityCards/1965.png,42085-0001965-5,success,0.7117
1966,1966.png,IdentityCards/1966.png,42086-0001966-6,success,0.9644
1967,1967.png,IdentityCards/1967.png,42067-0001967-7,success,0.6175
1968,1968.png,IdentityCards/1968.png,42088-0001968-8,success,0.7609
1969,1969.png,IdentityCards/1969.png,,failed,0.4946
1970,1970.png,IdentityCards/1970.png,42070-0001970-0,success,0.6857
1971,1971.png,IdentityCards/1971.png,42071-0001971-1,success,0.9191
1972,1972.png,IdentityCards/1972.png,42072-0001972-2,success,0.7881
1973,1973.png,IdentityCards/1973.png,,failed,0.4958
1974,1974.png,IdentityCards/1974.png,42074-0001974-4,success,0.8485
1975,1975.png,IdentityCards/1975.png,,failed,0.3888
1976,1976.png,IdentityCards/1976.png,42076-0001976-6,success,0.8153
1977,1977.png,IdentityCards/1977.png,,failed,0.4483
1978,1978.png,IdentityCards/1978.png,42078-0001978-8,success,0.6002
1979,1979.png,IdentityCards/1979.png,42079-0001979-9,success,0.8741
1980,1980.png,IdentityCards/1980.png,,failed,0
1981,1981.png,IdentityCards/1981.png,42081-0001981-1,success,0.8199
1982,1982.png,IdentityCards/1982.png,42082-0001982-2,success,0.8827
1983,1983.png,IdentityCards/1983.png,42083-0001983-3,success,0.8323
1984,1984.png,IdentityCards/1984.png,42084-0001984-4,success,0.8655
1985,1985.png,IdentityCards/1985.png,42085-0001985-5,success,0.8997
1986,1986.png,IdentityCards/1986.png,42086-0001986-6,success,0.9313
1987,1987.png,IdentityCards/1987.png,42087-0001987-7,success,0.6916
1988,1988.png,IdentityCards/1988.png,42088-0001988-8,success,0.813
1989,1989.png,IdentityCards/1989.png,42089-0001989-9,success,0.8833
1990,1990.png,IdentityCards/1990.png,42090-0001990-0,success,0.8129
1991,1991.png,IdentityCards/1991.png,42091-0001991-1,success,0.7017
1992,1992.png,IdentityCards/1992.png,,failed,0.42
1993,1993.png,IdentityCards/1993.png,42093-0001993-3,success,0.5052
1994,1994.png,IdentityCards/1994.png,42094-0001994-4,success,0.7857
1995,1995.png,IdentityCards/1995.png,,failed,0.3284
1996,1996.png,IdentityCards/1996.png,42096-0001996-6,success,0.8912
1997,1997.png,IdentityCards/1997.png,,failed,0.4239
1998,1998.png,IdentityCards/1998.png,42098-0001998-8,success,0.7536
1999,1999.png,IdentityCards/1999.png,42039-0001999-9,success,0.5864
2000,2000.png,IdentityCards/2000.png,,failed,0.434
2001,AbdulMutali.png,IdentityCards/AbdulMutali.png,45208-9014114-9,success,0.6875
2002,Eman.png,IdentityCards/Eman.png,45208-7894506-7,success,0.9008
2003,Farhan.png,IdentityCards/Farhan.png,45208-3456710-3,success,0.532
2004,Hamid.png,IdentityCards/Hamid.png,45208-8901202-8,success,0.5358
2005,Haroon.png,IdentityCards/Haroon.png,45208-4563870-4,success,0.8593
2006,Karan.png,IdentityCards/Karan.png,,failed,0.4723
2007,MudasirAli.png,IdentityCards/MudasirAli.png,45208-2345634-2,success,0.7147
2008,MudasirShah.png,IdentityCards/MudasirShah.png,45208-1234562-1,success,0.8824
2009,Shahid58.png,IdentityCards/Shahid58.png,45208-8665391-7,success,0.9138
2010,Siraj.png,IdentityCards/Siraj.png,45208-5678956-5,success,0.5564
2011,Tahir76.png,IdentityCards/Tahir76.png,45302-7676767-7,success,0.7835
2012,Zulqarnain48.png,IdentityCards/Zulqarnain48.png,45303-4848484-9,success,0.7864
